"latitude","longitude"
27,130
61,-152
-16,-175
1,-80
20,-156
-24,-70
31,66
57,-155
63,-151
-21,-69
51,179
-18,-172
35,-98
-4,153
-15,167
2,95
19,-156
46,153
53,-167
-15,-173
19,-155
53,-176
37,-98
19,-65
0,100
13,-91
-2,101
8,126
2,126
36,-99
18,-67
19,-64
-6,148
-36,-103
-16,167
57,-153
38,-122
-24,-67
36,-97
-18,168
38,-123
51,-174
13,-89
40,78
19,121
-11,-76
33,130
66,-166
85,13
5,126
37,30
36,-98
60,-153
-39,177
64,-148
37,141
19,-69
9,126
19,-68
60,-154
39,-116
51,176
37,139
36,71
-2,139
20,-109
-54,141
-8,108
-2,129
38,73
50,156
-29,61
-32,122
2,125
0,-81
53,171
18,-66
-55,-128
-61,-37
-44,-78
39,-119
-4,142
-31,-72
18,-69
33,-116
-8,127
24,126
37,71
53,-165
58,-154
-6,149
37,72
28,56
-30,-72
-20,-69
52,-178
55,-155
7,126
36,4
-8,155
32,50
53,-163
58,-156
-24,-176
-7,120
-19,-174
53,-164
61,-151
54,-164
18,-68
1,-79
0,-80
54,-163
63,-148
-57,-142
-19,169
36,141
44,-129
30,142
40,74
2,128
-33,-178
-42,-74
38,74
22,145
43,-127
0,126
36,130
25,95
60,-151
37,-113
36,-90
57,-136
-20,-71
47,153
17,-98
52,177
19,-67
30,143
50,-175
40,73
-21,169
-22,-179
-16,-72
53,173
52,-174
52,175
-30,-178
-23,172
36,140
40,-111
-21,-176
68,-167
0,-13
58,-151
4,-83
-11,165
51,-178
39,144
-14,168
29,129
29,130
62,-148
50,-179
43,145
14,-92
52,178
58,-33
52,-169
35,33
51,178
38,72
11,-85
-8,128
19,-66
42,-110
-61,-54
-10,119
38,-118
-5,-81
56,-160
-21,170
29,51
43,147
45,-111
48,-122
52,-173
16,-46
48,-28
-36,-97
40,-125
34,-117
39,71
36,70
37,-121
32,-41
55,-158
24,122
52,-175
1,127
34,132
-13,-77
52,176
19,146
61,-147
-19,-175
68,-136
37,138
30,70
63,-149
-4,-103
-5,153
-6,147
53,156
54,-166
40,-126
0,124
1,122
11,-86
44,-111
60,-152
66,-163
38,58
-34,78
-11,162
40,144
54,-167
50,-176
54,163
28,126
41,-124
34,35
55,-162
-20,-12
57,-158
-13,-15
30,81
56,-162
65,-167
52,-176
52,-177
-62,156
35,-119
16,-98
-15,166
62,-151
28,144
59,-137
68,-137
38,68
-4,134
-14,167
39,-123
-22,-176
55,160
63,-168
-20,169
-3,79
-33,-69
-6,105
7,-73
37,-99
54,160
64,-147
10,126
-31,-70
51,-176
34,26
44,153
42,-124
52,179
39,74
-21,-67
51,180
-6,145
-32,-71
-7,130
32,-116
32,104
33,142
32,70
38,138
-3,-80
-18,-178
54,-165
23,92
37,142
39,73
54,-162
-5,134
-21,-68
12,143
14,-93
40,72
-5,144
4,62
52,-179
-57,147
3,129
-23,-69
28,57
12,147
-53,140
62,-152
-32,-65
-6,130
-57,148
49,-125
61,-140
38,-98
54,-35
12,144
-22,-68
-6,154
35,-90
3,127
54,-36
-6,131
20,-65
41,29
12,142
57,-35
57,-34
56,-34
-22,170
-32,-72
37,-24
57,-33
42,142
-26,-69
52,-170
53,-34
1,126
-59,-25
-7,127
-42,175
56,-158
47,-122
34,-118
-3,110
18,-104
24,123
-56,-27
63,-150
44,10
36,-120
44,-114
-28,-177
53,-169
-3,131
38,-117
-61,-43
59,-152
32,-118
33,47
-12,167
-18,167
32,85
62,-146
16,-99
-15,-71
38,45
23,143
23,95
62,-150
0,127
24,141
12,-86
-25,180
-5,130
1,97
-16,-174
14,122
1,98
16,-94
-31,-177
-24,-180
-5,131
-44,-16
-4,152
23,-45
40,53
-2,99
-23,179
-18,-72
-41,175
-21,-179
-6,151
-32,179
-5,102
28,86
47,-112
36,-117
-17,168
-1,-80
-18,-179
-16,168
-35,-73
36,68
-19,-178
-7,105
-22,-67
42,141
-27,-67
-1,123
31,142
51,-180
59,-154
63,-136
32,138
52,-172
25,122
45,-112
18,-65
-30,-13
2,94
2,127
23,122
-5,152
-6,-12
20,121
56,-157
-20,168
47,-1
37,-97
56,-161
-36,-71
50,180
-32,-69
-6,152
55,-164
-31,-178
-62,-36
55,-161
34,-116
-17,-70
37,-105
42,81
-7,129
-32,57
-3,101
30,138
-52,-75
20,-69
41,-127
52,180
-7,144
33,131
-24,-68
6,-82
-11,166
53,-168
-42,-105
26,123
-12,166
35,-85
-5,140
-29,-68
-8,123
30,58
-19,-173
78,9
-18,-70
13,-87
55,-160
-4,99
-54,-132
28,130
3,128
-7,150
-16,-70
66,-144
31,-103
-31,-71
48,154
40,-118
-3,148
-18,-177
-8,-74
8,-83
-47,165
-9,161
60,-157
-28,-72
14,-91
-11,164
53,-174
-13,167
39,-118
18,-64
-62,166
6,-78
-11,116
-31,180
-28,61
-21,-12
-5,138
2,98
-55,-28
53,-175
65,-149
50,-174
66,134
-7,-79
61,-150
57,-157
60,-134
-10,124
-7,117
28,84
-11,163
-59,-29
-10,-74
15,-61
39,142
4,128
-51,139
-20,-177
-6,142
16,120
-20,-178
42,-126
63,155
32,142
-24,180
6,126
13,-88
-36,180
3,65
40,-116
-19,-177
8,-39
-16,-180
-19,170
12,-87
-34,-112
12,-89
6,120
-4,-105
-35,-112
6,94
-58,-26
-17,-174
-25,-180
11,126
-4,143
44,-127
44,148
39,50
-17,-178
-23,-180
-9,-110
-15,-174
32,130
46,152
-20,-174
-18,170
17,-61
51,-177
-12,162
24,124
54,-169
37,2
35,140
36,-121
50,179
26,95
53,-170
51,-173
45,148
6,125
-8,115
39,24
22,-157
-1,29
-24,179
4,126
13,144
-31,-180
-6,146
36,143
-37,-95
24,125
58,-153
58,-132
-17,-177
39,41
17,121
36,-119
-16,-177
-16,-173
-8,-13
-8,-14
64,-151
23,94
35,137
54,-161
-23,-66
38,144
6,127
62,-140
-17,-173
16,-87
12,141
25,124
29,143
-35,179
11,141
47,147
-5,141
44,-66
12,145
53,-160
-11,119
65,-168
62,-149
-18,176
12,-61
-9,116
4,127
44,22
14,144
44,152
54,161
-4,-77
21,-156
20,-155
40,-124
37,144
-56,-28
-4,-104
-43,-16
55,-135
46,143
-29,75
-56,-26
60,-141
37,-118
13,-90
79,3
-8,119
30,131
-26,-70
5,127
47,150
38,-115
-4,126
-6,150
-14,-73
42,-120
18,-105
19,-105
-9,160
-26,-112
35,-117
40,29
-5,68
-45,167
59,-157
-5,103
-29,-178
-46,167
-5,143
37,-115
18,-94
9,-71
5,-83
35,32
-57,-27
34,24
-4,103
16,-100
-7,103
-8,124
16,-97
-11,-74
52,-168
-18,-173
-10,-110
39,27
-5,126
-1,120
-19,-69
-55,-27
20,146
-3,125
-7,123
-29,-72
52,-180
-5,-105
56,-164
-16,-74
29,128
20,-70
9,-83
-15,-176
54,169
35,69
66,-167
38,20
-6,104
-5,98
37,-122
-23,-70
-7,108
-21,-178
32,129
1,-29
-32,-178
-20,66
-2,100
42,143
36,26
36,32
51,-179
39,72
44,-126
52,-171
54,-172
-23,-178
-20,-63
-49,109
-11,26
-48,107
13,126
-8,121
53,-33
63,-152
-15,165
-19,-70
-3,-78
-49,148
21,120
-16,-176
26,127
36,138
59,-145
-4,140
13,58
-18,169
-18,65
-9,118
22,144
7,127
9,125
-33,180
35,-116
-24,-178
37,11
53,174
18,-106
18,96
-25,-179
-6,155
18,147
55,164
36,3
9,58
-14,-75
-9,113
60,-159
12,125
-37,178
1,-25
37,137
-34,-179
-61,-24
3,122
64,-149
13,121
-8,120
53,161
-8,-75
36,78
61,-146
32,133
39,-120
-3,152
35,-96
9,-84
12,140
26,122
-28,-67
58,-157
-4,151
-4,129
-35,180
43,12
72,-2
14,-60
67,-144
30,92
-4,150
-62,-55
-14,-177
-15,168
18,123
-43,-84
55,-163
-16,-73
41,-121
20,-66
-49,-8
26,142
-4,132
-3,129
35,26
60,-149
26,141
53,179
-4,145
28,55
17,146
-13,-142
-20,-70
-21,-173
49,153
33,-101
-34,-178
60,-140
-10,161
32,-115
5,96
11,-41
35,142
13,51
2,67
-26,-177
-17,167
20,-68
41,140
15,-93
-9,127
38,24
-23,170
-44,41
41,68
-4,135
-7,131
56,-155
4,123
48,-70
-23,-177
28,85
34,140
14,121
-22,-178
7,-36
-38,-74
-30,60
55,162
0,125
54,159
-3,122
18,-156
47,-123
-25,-69
35,141
53,-166
0,97
-2,137
26,96
3,93
28,129
-20,-176
-32,180
14,145
41,143
47,151
-5,146
-38,-73
46,150
28,88
53,-162
-7,154
-28,168
41,72
16,146
29,142
37,16
41,-120
17,-95
40,145
15,-94
-60,-27
22,120
18,-95
-9,158
38,22
58,-139
19,-70
5,125
41,142
19,145
-9,126
35,-121
-7,156
14,45
-3,-79
-40,177
40,-123
-35,73
31,133
33,76
40,142
-49,30
14,-90
51,175
-41,-75
60,-148
32,141
49,-122
-7,125
17,-94
66,-164
52,153
22,-45
-8,126
31,129
53,-172
3,-31
0,98
28,101
-61,-22
-20,170
52,173
-4,139
10,92
-20,-173
46,-76
84,107
-8,110
-22,-64
-34,-73
56,164
42,120
42,23
39,23
29,88
28,87
7,123
23,120
84,108
15,-104
12,-88
-2,102
-23,-175
24,95
23,121
4,-32
65,-139
-22,-174
-22,-72
-5,127
41,21
15,122
-26,130
57,-156
40,-128
31,140
58,-155
81,-3
40,20
-58,-28
13,143
14,147
32,103
-16,166
2,121
65,-151
9,-103
28,59
-65,179
-2,133
44,-128
-33,-110
43,88
28,143
-11,66
14,120
49,155
-20,-175
31,130
-18,-176
-28,-66
-31,-69
18,146
18,-70
27,127
36,-89
-50,114
17,-68
-63,147
58,-143
-1,-21
55,-156
19,-104
32,95
66,-136
-33,-109
11,-87
43,86
-38,52
22,143
6,128
60,-150
37,-89
-10,108
-17,-179
-46,-77
-49,124
26,100
-22,-69
32,-105
85,9
-5,69
29,131
-5,145
-34,-68
61,-148
28,141
-9,-108
24,142
57,114
40,76
27,60
-24,-65
-23,129
26,90
-4,130
24,128
-18,-180
65,-150
-17,176
1,100
-56,-145
32,132
14,146
38,23
8,-103
12,126
-11,113
29,35
-22,173
37,23
-28,-178
59,-155
-3,146
40,75
35,-118
52,-167
-21,174
-29,-69
60,-139
52,158
-17,-71
1,99
46,-77
-7,102
55,-159
-17,-172
3,126
12,43
-60,-26
-8,122
-13,169
52,-166
18,-72
27,143
-3,140
28,52
43,46
55,-157
-59,151
-32,-179
-25,178
36,-118
-26,179
-34,-180
5,128
15,-92
38,135
29,-43
56,-159
11,-42
-16,-75
-23,-173
4,93
4,92
42,-127
-25,179
25,125
-11,117
38,142
45,-113
56,-130
36,69
28,140
24,94
-53,139
33,138
35,34
-22,-180
21,-104
-7,128
-41,176
-28,-71
39,145
-33,78
31,-116
32,101
-44,173
-17,-72
36,-114
79,6
59,-151
13,148
-37,78
-16,-178
-1,133
66,-145
29,52
28,102
-16,119
68,-146
-8,129
17,147
15,-88
-30,-67
-19,168
-51,115
-10,162
-36,178
11,92
11,91
69,-54
-24,-13
-14,166
16,-61
-33,-72
-37,177
0,123
1,121
53,-132
-63,165
-7,-75
-8,109
30,139
18,-62
-43,-15
35,87
36,-84
41,-119
-30,-179
24,121
45,15
3,95
67,-158
-26,180
-14,-76
43,-112
-18,-174
0,-19
-37,-96
3,90
-37,-70
56,-166
14,52
45,-28
25,92
-7,148
-34,-72
48,-128
48,-129
-9,-74
-20,179
10,-84
-5,154
-10,113
-30,-71
19,148
55,-168
-12,-78
54,-158
-8,158
-14,170
60,146
2,93
-35,-179
-49,31
48,153
20,120
59,-139
-6,106
-4,131
-2,119
19,-107
28,128
-28,-176
-56,-25
20,122
-8,154
21,123
-1,-81
-9,112
-2,-81
-1,130
-7,155
23,103
39,22
-23,-67
-8,156
9,127
2,-85
2,-84
3,-84
-8,157
30,88
38,-119
27,128
53,-171
53,-173
-52,13
26,62
-56,-144
43,146
68,-162
56,163
-11,152
-34,55
-26,-71
22,95
-6,-107
47,0
16,-96
-37,179
15,-95
-2,24
-11,112
60,-30
-5,105
66,-173
69,-140
-22,-175
59,-144
-51,162
-9,122
57,123
-58,-25
15,123
-52,14
37,-119
-5,147
-64,174
-40,176
38,75
-19,-176
31,139
-6,103
59,-148
44,87
-59,-26
-30,-73
18,-103
-31,-14
60,-145
-31,-13
-14,66
56,110
38,136
33,140
7,-83
-7,106
1,124
-36,-110
62,-172
30,141
-7,104
33,-87
-15,-73
-23,-174
39,20
59,-143
10,-104
-1,-76
-20,-179
-26,28
-37,-112
40,-121
-1,126
-2,122
-20,134
55,-165
-44,168
-20,-67
-9,-80
46,-1
-3,130
63,-144
-4,125
44,-115
-3,141
-65,176
-21,-177
-38,78
-1,-14
21,121
-10,116
59,-138
46,-111
-38,178
-32,-68
-53,26
55,-154
-39,78
34,81
52,-165
2,124
26,-45
38,143
51,156
7,124
2,129
-21,-174
33,141
34,142
38,21
-59,-27
-17,-73
32,51
-10,-79
7,-74
-46,34
44,-105
51,-175
45,147
36,-83
-50,139
48,16
68,-166
-7,153
-29,-179
35,-84
38,-111
56,-156
44,-1
10,-62
38,-112
35,138
-35,-108
-5,-78
-55,-2
34,-11
3,-83
30,130
-36,-74
-60,-29
54,171
-33,-180
40,-122
-15,67
-21,-71
12,124
-34,180
-53,-119
-55,-129
36,106
-24,-69
37,84
64,-150
46,-66
-9,-75
-10,165
22,102
-4,94
-12,124
-24,-71
-9,123
36,-108
-26,-179
24,96
-30,-112
10,94
30,140
2,99
-9,159
52,155
41,-125
-32,-177
34,134
60,-156
-15,-112
34,-119
-4,154
2,96
57,-154
-17,178
43,-111
63,-153
13,-56
-55,-29
61,-143
49,152
-23,180
-63,145
33,-117
40,-127
42,49
-7,-12
32,131
8,127
-3,153
16,147
-29,-176
-50,122
40,19
26,143
-36,-17
26,130
34,139
61,-149
56,-135
-50,112
13,92
-33,-71
-5,94
-56,-29
-2,-78
42,26
59,-135
17,-101
50,-178
52,-164
9,-81
66,-141
54,-159
-43,-74
-50,126
20,-64
-24,-174
19,-46
-49,-9
18,148
43,142
18,145
-58,-24
-36,-104
-10,123
15,56
51,157
-27,-71
22,122
-50,113
21,-72
41,71
-15,-172
46,-107
-25,-177
33,132
51,90
13,-92
-3,137
41,-116
-23,-179
-4,100
-7,121
-39,176
-12,-76
-39,175
-6,129
36,142
0,-12
-10,107
34,138
-34,-70
56,-152
38,-114
-16,-76
-2,140
43,151
-5,-82
-21,-66
-45,168
50,178
67,-136
8,122
26,126
13,95
0,99
13,146
65,-140
-8,106
52,-30
68,-163
-51,29
-8,160
58,-138
51,160
50,-29
-60,-30
-2,135
33,-109
-11,41
1,128
0,96
16,-62
59,-153
-55,146
-21,-114
-55,0
-19,-179
6,95
39,143
-26,-176
54,170
-8,130
7,-77
7,-76
67,-171
35,23
67,-163
42,-100
-49,165
-15,-74
5,133
-6,153
-42,-16
44,-106
3,123
-41,-91
23,123
-54,-135
-18,-175
41,133
-4,102
-49,106
-23,169
-5,-80
-39,47
-1,128
-22,171
56,-180
-33,-179
-27,-177
-27,-176
4,122
-8,118
-4,-78
19,40
39,148
-58,-140
-3,68
-60,-49
-3,100
22,121
36,-4
24,-116
-36,-46
-22,180
33,-118
65,-18
34,70
-39,35
32,-40
-15,-76
10,-63
-6,-108
-5,-106
1,123
-38,177
-2,121
39,113
-8,107
-2,115
4,95
-17,-175
44,150
4,124
-30,-177
32,72
-1,139
54,-160
0,122
-23,-68
1,146
48,-123
-7,-13
12,-44
56,-168
44,-130
9,-104
21,-158
39,67
-24,-112
53,153
58,-158
40,-29
44,138
39,16
-1,100
50,-124
-40,78
-30,88
-10,163
39,-98
37,70
-24,-177
-4,69
-53,14
-15,172
-1,-16
43,-29
8,-75
-14,172
-6,72
-29,-70
36,-95
-26,-180
-38,-94
34,-58
-50,164
-19,65
-7,-85
-42,84
-51,125
55,166
-20,68
-3,145
42,146
-30,-70
66,-135
36,25
0,-18
21,-155
33,136
37,36
-8,104
3,96
-5,155
-24,-179
-8,116
-19,-67
35,136
-26,70
68,-164
3,-79
27,126
-38,-75
-24,-115
-24,-116
-35,-72
45,-107
7,60
41,89
20,145
15,146
78,20
34,-120
30,-114
6,124
-3,102
8,-36
34,48
-10,-78
-1,132
35,-120
44,139
13,49
26,91
-11,153
-56,159
28,66
-10,120
20,-74
9,-85
18,-77
-44,169
-1,124
-24,69
-41,174
41,19
64,-165
17,-85
35,-113
34,141
-32,-70
18,121
-13,-75
35,111
13,125
-35,-71
32,140
29,144
37,-100
19,147
-6,128
-8,125
37,-3
34,136
-1,127
19,-108
-2,-12
63,-145
30,102
-23,-64
37,47
59,-141
31,-115
36,30
-53,27
-4,138
61,-159
5,123
40,106
5,94
-5,151
25,96
0,120
37,52
50,98
-63,146
9,124
23,-12
-15,-72
17,-62
-4,36
-4,-80
46,-75
15,52
18,-76
-30,-176
3,98
13,145
-38,46
-6,102
36,99
43,-72
-9,-76
-50,116
33,139
-23,-114
40,98
44,147
58,-137
38,141
36,-116
-22,169
30,93
6,88
76,-120
50,-28
31,141
36,139
-6,-79
54,-175
54,-174
-8,148
20,98
65,22
-42,-87
16,121
-5,-12
18,-61
54,127
34,47
50,-130
85,90
46,21
42,-111
47,152
17,-60
-57,-25
-38,-72
-16,-69
41,-110
34,78
28,142
-34,179
6,-74
37,78
15,120
17,-93
-10,152
-39,48
14,-94
35,-4
-12,118
-19,66
-9,-109
27,140
-55,148
-59,-24
-56,147
40,143
41,-117
48,80
17,122
-52,19
16,-47
30,98
18,120
-53,19
26,129
53,160
43,143
-25,-176
37,58
-56,-124
51,-171
-6,107
-8,134
-42,173
26,144
30,129
-44,39
-4,101
68,-158
35,24
-54,7
0,129
8,-78
4,-74
-37,180
57,-150
26,92
14,123
45,-114
9,138
-21,-70
27,89
36,28
50,87
31,50
-63,-158
35,-97
68,-171
36,84
65,-146
-25,-71
-42,174
43,149
4,63
-24,-173
-3,-12
26,128
-9,111
30,50
-58,-66
-10,155
-51,140
30,100
75,134
-6,110
-55,-39
-55,-40
10,-86
38,76
61,166
-7,122
51,-30
39,-82
10,93
20,-92
5,95
-9,129
18,40
-7,126
-18,-69
-10,160
15,147
46,154
21,95
44,145
37,48
26,124
62,-153
55,163
17,123
16,40
-4,146
50,-129
-7,107
22,101
53,178
-26,27
42,144
-3,123
-39,-72
-1,-25
-1,4
-6,111
15,-45
42,140
-19,-71
-3,149
-53,10
85,12
5,118
-2,151
11,-62
26,125
-5,95
16,122
7,-81
-10,125
-9,125
-27,178
-40,175
-23,-172
-31,59
36,-8
51,-169
61,-141
-9,108
34,25
-55,-124
32,-117
-5,129
19,122
69,-145
-8,131
46,27
-33,-176
-34,-177
-9,115
-48,100
-54,-1
36,-91
48,152
-16,178
-29,-13
38,78
43,80
18,-102
-2,120
4,125
27,144
-21,68
17,-86
40,-30
10,125
-14,-70
72,-3
25,123
-9,148
4,-33
-19,-180
15,-91
23,-63
48,156
-33,57
66,-176
-9,124
0,121
-52,140
8,-82
-10,122
5,-33
-41,177
42,18
14,94
56,-150
-31,-73
44,-110
37,28
50,92
-3,134
-13,-76
-47,166
40,141
22,147
-35,-16
15,145
-62,155
-47,33
-9,128
-31,-179
22,-108
-4,68
10,122
52,16
38,-26
4,96
-54,-120
-9,150
3,125
32,-114
36,24
64,-134
-4,128
22,103
-13,166
44,41
-5,104
7,92
53,169
45,81
13,-44
5,-32
-29,-12
60,152
69,-144
25,142
-46,-78
11,140
8,-37
8,-38
-4,141
-44,170
-22,179
-3,128
-56,-123
46,141
-32,-180
41,-126
46,-106
32,46
66,-134
14,-89
45,-117
-8,114
8,137
17,60
42,145
39,36
36,22
1,129
-10,-76
11,122
-13,67
4,-73
-21,-175
32,48
38,70
-62,165
-54,142
-56,-125
26,94
-10,111
-33,-16
-17,-74
16,-105
15,-105
-6,114
-62,154
-42,-92
35,27
1,-85
-8,159
-49,164
65,-164
-2,138
57,-143
9,-70
-1,-15
27,104
53,180
56,-170
-1,131
-3,132
20,-71
17,-96
12,-73
43,17
-5,150
36,137
-15,-178
63,-154
-40,-75
82,-4
-10,109
56,112
65,-171
-14,-112
-45,38
72,0
2,97
-30,76
17,-63
-9,119
-6,-77
22,126
66,-155
-26,-14
44,83
13,124
45,-70
48,-68
65,-134
41,73
-57,-141
26,-110
-37,-74
-16,67
55,94
-1,134
16,-92
-19,-172
62,-141
60,-160
52,160
74,-72
28,-44
14,54
29,-44
31,86
46,-67
20,-97
3,124
-2,125
46,-122
-13,-174
40,-119
37,15
0,132
66,-172
-38,180
67,-172
-36,179
31,98
11,127
-23,69
-16,176
-16,-172
37,-11
42,-83
-12,117
60,-142
-54,-133
20,148
43,141
-25,-178
-30,31
-10,127
-17,175
37,140
-1,97
-5,142
53,158
60,-146
42,138
61,-153
58,-144
1,-28
1,132
54,162
32,-97
14,93
-21,168
-2,28
47,-70
46,-112
-63,169
-31,-68
50,-115
-3,147
53,108
44,46
-7,132
47,154
-20,15
23,142
54,158
10,127
8,-79
41,-122
39,38
35,89
42,-29
45,-67
67,-145
58,-152
35,90
-63,168
52,-33
13,120
4,129
11,-83
32,56
9,-40
49,157
19,-109
44,-113
-8,-80
1,-99
-64,176
52,-32
38,27
30,84
37,26
3,97
-5,101
-3,133
17,148
8,-34
-33,-177
6,146
15,-60
37,-90
41,-128
-54,166
-4,-81
-4,136
-4,67
12,47
5,124
-44,172
50,155
-24,-172
-23,171
34,69
-45,-15
84,-3
-36,-96
8,138
-18,173
23,144
0,-29
-49,125
20,-76
36,53
-54,-55
2,-79
-30,61
24,62
61,-160
-27,66
-10,118
15,55
55,-134
8,135
7,38
20,-75
50,153
-29,-67
43,-126
-22,-114
38,43
-15,-177
-15,180
-27,67
44,140
-33,-68
16,145
5,-78
37,-114
38,-116
31,143
27,55
11,124
-31,58
41,80
51,158
1,120
41,145
-29,-177
38,102
-56,-139
42,84
-57,-28
49,-129
37,27
7,-34
21,146
-30,-69
42,-112
56,162
-49,126
-36,-179
0,130
-21,176
-4,127
27,62
4,150
28,105
-6,-75
35,139
53,-161
-4,119
39,-78
38,-113
37,13
34,105
66,-153
24,143
54,-168
42,15
36,31
61,-28
-3,139
-28,-68
17,-99
-7,89
12,93
-25,-175
45,-68
-65,175
-4,155
34,-88
36,-96
-64,172
68,-165
3,94
-4,123
14,148
-53,160
14,-45
41,69
10,-79
13,123
33,92
20,-110
36,15
39,69
13,50
-7,124
25,128
-24,-175
-18,-71
-15,-175
0,92
52,171
65,-148
37,-117
48,-116
54,-117
57,-159
17,96
28,54
-21,-63
39,48
59,-32
44,84
48,-115
77,18
2,92
44,141
11,139
-42,85
-12,-73
-38,176
40,34
-58,-148
-23,174
-57,-148
-31,-176
40,-107
6,-76
-17,-67
-21,69
36,-122
-36,-73
49,-128
-38,-92
-3,103
-49,122
-49,121
-16,28
-50,-117
-60,153
-1,122
5,-72
-29,-112
43,18
-2,68
-61,-27
-13,-70
-10,166
-28,75
-13,-71
-12,-14
-13,168
-11,125
-7,-77
6,-81
30,105
39,44
-58,158
52,156
40,16
19,-73
-22,-70
56,165
25,93
45,-108
-54,-137
12,-43
41,129
3,-76
36,27
24,-46
38,145
-54,-136
34,33
21,122
16,148
31,-117
39,21
-4,144
10,-71
48,149
36,98
36,23
27,56
16,-95
25,94
29,104
-11,-71
53,172
71,-4
20,-72
-2,-80
36,12
46,-121
45,130
61,144
-10,-75
-41,-89
0,-79
40,30
11,57
42,133
-7,68
42,87
50,-117
31,57
7,94
19,-74
-41,173
34,137
49,-123
39,75
-34,-109
-41,44
-35,-110
23,124
45,24
-10,114
-9,109
-12,119
-7,-74
-40,-73
-6,157
-36,-180
35,73
37,-112
0,-20
42,-119
-34,58
50,-177
26,-121
48,84
69,-147
-34,-110
8,92
-31,60
28,58
43,-106
-35,-106
31,138
35,-101
72,-4
-36,-100
35,31
29,81
25,121
18,-63
-26,154
-41,-86
63,-147
-54,-2
-54,-3
-54,-23
4,118
40,52
36,118
-14,-72
-4,-12
29,140
65,-162
73,8
-8,67
-10,67
-37,52
46,142
44,88
-9,106
63,-156
65,-155
26,93
49,156
-15,-75
11,125
33,50
-28,74
48,157
30,132
38,-83
-5,119
-3,-13
24,91
73,7
36,127
-18,-63
-35,178
-60,-18
60,-144
-53,28
-10,-80
3,118
-39,178
38,14
54,-176
-6,122
65,-169
-9,105
-9,-73
-9,110
-4,29
-16,-71
2,91
-58,-9
-64,171
29,82
-63,171
16,-91
14,56
43,83
62,-145
-60,-25
33,-97
48,147
10,58
-15,66
-12,121
-61,-20
63,-155
34,82
51,-121
52,159
13,93
-27,-70
31,131
21,-103
23,-11
45,146
14,-58
24,87
42,30
15,121
-48,85
39,-97
-48,103
29,-98
35,134
-42,172
20,-157
37,-84
55,112
43,82
-41,-90
-53,18
52,152
-43,174
30,96
17,120
56,-154
19,-157
42,73
47,-71
37,-116
45,100
66,-150
36,-85
-38,51
20,-67
54,99
81,-1
-12,104
46,147
-48,166
39,40
-50,127
-49,127
42,75
40,-108
-14,-178
-48,-10
-10,-71
40,21
43,15
0,-23
16,-93
-2,145
18,71
44,85
19,-80
6,-33
-4,107
36,136
-40,174
50,157
58,121
57,-152
2,-31
22,146
-62,-156
67,-167
-35,-109
-3,-76
33,-115
-34,-108
44,149
-1,121
62,-147
-3,-77
22,94
52,-163
52,174
35,25
-8,117
34,22
61,-29
47,-117
58,-32
-9,68
18,122
54,-157
-5,128
10,-64
-28,65
24,-109
31,79
65,-159
17,-65
68,143
46,10
12,94
17,-97
15,60
4,-71
45,-75
53,-35
-25,-70
55,165
55,-153
39,118
35,74
7,-104
-9,-71
-3,138
32,88
14,55
7,95
-39,-74
39,15
52,172
-18,180
-44,38
-44,37
48,-121
-10,-70
9,122
-3,143
-9,-72
-36,53
-59,148
0,30
-8,-71
30,90
-10,115
45,-110
60,-143
-22,-177
1,31
10,124
51,-131
39,-108
-22,-66
-6,132
30,64
-53,22
37,31
51,-132
38,91
38,100
8,-71
66,-138
56,-151
-54,140
51,153
52,-131
35,-83
33,48
20,110
-30,-64
37,22
16,55
42,72
42,71
-33,-70
-9,67
-7,-80
66,-151
17,-87
-41,85
-39,-69
-40,46
39,76
-59,149
49,154
25,106
41,79
40,77
38,29
31,128
49,-112
71,-64
40,-117
57,-133
57,155
42,43
50,19
-18,-14
59,-136
53,170
35,22
-2,-79
40,24
-10,167
-52,29
37,-120
38,57
0,-16
33,-83
-34,56
8,-77
-26,68
18,-82
53,159
40,-99
7,-82
36,-80
44,142
1,-101
-24,-66
44,39
-56,-31
46,136
-46,166
51,177
-35,-74
78,8
23,100
47,-66
-8,-76
-57,-24
65,-165
46,-123
-6,109
61,-154
-21,-11
-10,112
27,53
6,148
36,59
48,-125
42,-101
43,144
38,-120
53,162
-35,-15
-17,-14
-7,151
26,102
-15,170
-2,126
-15,-179
-5,30
-30,-180
-5,132
48,155
-25,70
9,-72
28,67
32,67
-17,-69
-41,-16
-22,172
47,-67
35,-92
44,7
-20,-56
46,151
20,144
39,-115
32,74
2,90
67,-157
-1,-13
48,146
53,175
38,-78
-61,-28
-3,150
-58,-30
-4,28
-20,-68
59,-156
45,42
50,150
45,151
-55,-30
68,-152
56,161
23,102
42,137
40,-112
50,-180
34,-112
66,-142
56,-153
-32,-67
46,16
41,20
4,64
-39,-73
59,-134
44,89
40,139
36,135
27,97
31,132
-24,70
28,53
-3,127
25,100
-61,-51
43,131
-15,50
42,-121
37,-2
1,-102
-10,-77
21,-46
42,3
9,40
24,93
28,100
41,28
-23,-71
-11,-77
53,-32
27,66
68,-147
32,105
-17,-176
-55,-137
-17,66
43,-109
40,26
48,148
44,-122
-11,167
30,51
29,102
-54,-4
14,57
-30,-68
-46,37
29,70
39,-35
-54,6
51,-130
-25,154
19,-63
-60,-31
27,54
-60,-45
-28,73
-27,-114
64,-131
2,-99
-19,-68
28,139
67,-141
37,-9
45,124
-12,-15
-6,144
38,110
86,81
-1,101
-57,-66
40,69
-36,-102
-34,-71
-8,102
29,64
57,59
-31,179
-27,-112
-54,-119
-9,-79
-43,-82
-26,-64
48,-119
11,-63
-26,-175
2,100
37,-91
55,159
19,-154
56,159
42,45
10,-60
37,143
44,146
-28,79
-33,-73
-18,35
8,-73
29,105
39,29
-23,121
3,99
34,98
29,86
12,58
-28,-179
49,148
27,142
-61,-21
18,-155
50,176
-8,-79
41,37
34,122
-2,134
-28,-180
-31,176
57,-142
32,77
-17,122
-3,126
59,-150
26,140
-1,98
45,-129
7,122
38,-85
24,70
32,86
56,166
-6,127
49,81
72,1
-44,42
3,100
57,-139
-17,42
28,131
-3,142
-32,-73
32,21
38,39
-29,-71
-5,148
14,-50
-5,139
65,-133
-26,71
65,-145
1,125
22,93
-37,-72
-46,-107
-12,44
-29,25
34,-38
68,-150
18,-101
50,88
46,-81
-12,165
57,-146
31,70
-27,-63
30,80
-35,-107
21,94
39,-117
-9,120
-3,-81
20,-46
-5,-77
2,-96
20,-45
54,-156
35,-112
42,-74
-8,150
28,70
36,-112
45,152
-56,-30
-62,-56
66,-171
-6,68
-14,-74
-1,-92
61,-44
33,46
38,140
0,131
-14,171
-36,-101
57,-151
40,140
-8,103
-65,180
-29,74
8,123
-66,-180
53,-1
-2,123
9,-86
-46,-84
12,95
81,-16
1,-27
-57,-26
42,78
35,144
-50,130
45,150
-55,-36
29,141
41,74
-18,-67
-1,99
-6,156
64,-135
-41,-76
49,-130
43,-124
36,45
-10,159
14,-46
24,127
54,173
52,170
7,-78
27,91
-10,158
42,86
6,93
26,-111
27,94
33,82
21,145
31,-120
52,-34
36,-102
58,-133
12,46
36,81
38,30
1,-84
48,-92
82,-7
-26,178
32,49
34,-121
48,-93
-13,-111
-54,-134
55,114
30,82
-13,-112
-35,-180
42,19
36,21
37,21
28,-112
-10,-109
47,155
47,-73
70,-144
21,-105
-15,171
51,-172
52,96
38,77
30,144
44,-123
77,16
-63,174
17,-100
58,46
-50,-8
-41,87
37,79
11,95
61,-145
-23,-14
-32,-176
34,74
-2,26
-60,-35
80,4
36,-34
-26,-12
3,89
-52,160
35,-86
64,-23
56,-169
42,-85
71,-8
27,141
33,-88
3,92
-3,28
40,33
45,-121
54,-149
3,31
33,-90
-61,-34
39,121
4,94
83,119
43,139
-18,178
-26,-178
27,90
29,138
59,-142
44,-65
-52,-5
-28,-69
28,106
60,-137
44,-124
68,-149
-7,145
46,149
-25,-65
31,102
-8,112
17,40
42,88
39,43
-57,158
39,134
6,116
11,42
29,139
-6,-102
-24,-15
54,109
50,-173
54,180
-23,-115
10,-83
33,83
-55,159
43,148
29,83
-12,163
50,-120
72,11
13,147
30,-42
43,-100
67,-143
29,116
-35,-17
-17,35
-10,150
39,-29
62,-124
43,48
-17,-66
-29,32
13,150
52,-31
48,-120
35,70
-18,92
-61,162
45,142
-3,144
41,-85
6,117
-22,33
1,67
2,-91
8,94
-43,176
11,-97
-10,121
-10,149
-51,-72
-49,70
-10,41
75,8
-23,-176
75,9
87,53
33,99
-32,-111
17,39
2,-92
-6,-11
-53,21
1,-91
19,95
10,-73
-7,-81
6,130
44,144
-48,99
-63,149
31,103
8,148
37,20
66,-148
35,92
59,-158
41,49
63,-60
-23,173
52,-115
-4,-76
72,2
44,-131
45,-130
-8,149
-7,110
86,32
-46,170
64,156
60,-135
-1,147
43,19
33,71
-1,146
-41,-87
25,141
-17,177
0,136
37,145
25,129
40,22
10,57
38,-88
35,91
2,-97
-55,-127
43,14
-47,100
52,161
-3,67
38,69
34,91
58,-148
0,-17
-55,-133
27,85
-8,147
41,-123
19,104
53,-4
75,112
41,47
21,144
-16,174
-52,139
-35,-104
29,87
0,-91
42,135
-50,108
51,91
-48,32
-52,28
45,149
20,99
-16,-16
-17,-15
-60,-47
-4,-82
85,8
-16,171
44,-70
50,154
51,1
-20,175
60,-136
-27,-72
37,122
-4,30
23,96
-25,-14
30,68
-27,-69
39,70
54,-171
29,-118
-42,80
64,-146
57,-169
51,-166
-60,-21
61,-157
24,61
-42,88
38,92
-23,-72
6,-73
63,-166
31,68
-1,136
46,12
-47,-12
25,120
29,-103
-6,70
39,-122
-47,-13
19,120
-2,136
-35,-178
36,-93
-19,176
27,86
-6,133
40,90
-8,68
24,120
39,-84
37,17
-34,-107
37,50
35,58
41,-112
12,-72
42,33
-11,120
37,5
70,138
-18,179
-8,-78
37,77
-18,89
-22,-173
8,99
39,-112
-20,-172
-11,-72
-15,68
34,28
-2,153
12,48
-61,154
-55,-130
26,61
41,-107
25,63
-28,-70
-59,-16
-18,-73
41,32
74,-70
47,-79
42,-8
6,-83
38,93
-56,-24
28,104
0,147
50,177
-1,81
42,29
-61,-56
44,18
6,152
-28,-63
10,-85
13,-59
32,84
27,88
26,54
0,-30
-38,48
44,12
46,-130
35,28
46,-129
-36,-111
41,141
-32,77
-41,-73
59,-30
73,12
13,57
41,-109
-56,-142
-62,161
40,107
-17,67
37,135
11,93
1,-103
12,127
-14,-174
40,-109
-61,-26
-61,-23
67,143
-16,-179
31,-104
8,-40
-29,-73
-60,-28
27,93
-65,178
51,12
18,-74
35,104
7,-72
66,-162
11,94
-50,124
12,44
2,122
34,27
-61,-36
-38,179
-41,43
24,103
39,-107
-18,-17
-2,-13
17,-122
-40,-74
-61,-42
44,19
47,-113
-9,114
48,-114
8,124
47,-121
-62,-162
33,81
85,97
-20,-180
35,106
43,-105
-9,149
-10,34
-10,126
22,90
-56,-60
34,133
61,-142
6,-77
-36,-72
2,68
10,128
42,-109
42,22
40,45
-10,110
-2,128
64,-137
56,-165
38,-94
82,-5
69,-143
27,109
24,145
31,-114
41,22
-36,-99
25,146
74,8
17,-47
29,60
30,-43
44,16
-15,-14
8,38
13,-45
6,61
4,97
-19,34
29,66
47,146
27,58
46,26
-18,177
27,61
26,65
19,-96
41,53
-1,-78
18,-71
3,66
2,66
-6,123
-43,173
39,25
37,-4
39,141
42,-88
13,122
14,92
-48,-87
-2,152
36,6
57,-148
-7,109
36,72
29,48
-53,-118
18,-98
47,156
17,-64
-28,27
6,119
-28,-175
56,114
-3,136
1,92
2,-102
63,138
13,52
14,46
54,154
-7,158
36,0
3,36
14,119
8,-72
60,-138
-54,25
66,-147
43,77
65,-138
-20,67
-27,-178
-72,-126
-2,142
3,109
-43,83
33,116
39,-124
-58,-67
-44,-73
41,70
18,57
58,112
-34,-74
38,49
56,158
-5,34
-8,113
26,58
36,77
-38,-180
-52,17
-38,146
56,-171
-6,108
-56,-143
25,103
-13,-74
44,20
30,56
-16,180
-28,-119
-4,-83
38,-15
64,-152
-13,170
11,-88
-14,-77
63,-146
80,-2
56,160
-4,88
-41,81
-41,80
35,-3
-11,121
31,-118
-50,125
38,104
-28,-13
44,11
38,96
24,99
41,144
-49,128
21,147
36,49
36,54
-60,-151
-61,-53
-23,82
35,-114
-59,-149
-59,-151
32,30
-10,156
-4,137
-12,-77
-37,-73
-22,-71
42,14
39,26
1,-78
17,145
32,31
-16,-13
34,61
34,73
-39,-93
-6,124
10,90
-1,135
57,113
35,-37
49,-2
-21,-180
-40,-16
66,-152
-10,24
-36,-70
57,-149
19,-78
1,-26
-26,72
39,-3
-36,177
-5,133
-29,-4
44,86
80,3
16,119
5,-76
43,84
-16,169
-16,-14
18,-96
-23,-13
30,-97
-53,159
64,-18
-2,132
-48,-75
-31,-67
46,-74
-3,135
44,151
45,-84
-40,173
-7,118
65,-170
78,-20
-34,77
-35,77
-25,151
54,157
34,76
32,-107
31,80
65,-17
60,60
-4,148
-4,149
57,164
57,163
-6,71
-56,-150
-40,-86
19,-106
48,-83
58,162
72,-75
67,-168
-55,-31
39,-83
23,118
27,103
36,36
-1,140
-4,133
40,40
-20,172
1,119
40,48
9,92
37,73
44,136
42,20
-7,149
8,125
-21,173
9,-79
-27,27
43,21
-22,90
43,26
-6,113
35,99
54,-170
-7,146
-57,-151
50,34
-19,-63
-7,157
14,125
-33,-67
14,124
35,-102
49,177
15,148
-50,-9
57,-168
-11,161
17,-66
64,-154
36,-113
-52,27
-53,25
-52,26
46,13
-20,173
-17,-16
24,49
44,-121
39,-111
30,-10
56,115
-48,165
-41,-85
-21,172
51,-1
-25,-13
-57,-150
81,-6
1,-30
-44,94
40,-76
23,126
4,-84
38,47
72,-12
-18,166
46,-118
66,-158
-11,124
-45,94
73,6
-57,-23
45,-115
22,-81
43,20
60,-158
66,-154
64,-17
49,79
47,-124
39,138
-58,-27
5,120
-22,175
-36,-106
0,93
-7,-14
36,115
-23,-112
-18,40
-22,-63
31,52
29,-99
-35,-66
-32,58
49,-67
-9,-81
58,-145
23,93
-56,-151
49,142
-56,-35
29,103
-31,-66
42,-72
25,36
-6,134
45,-116
59,147
47,145
20,-87
25,127
87,47
77,8
68,-153
55,167
70,-16
45,-106
-53,-73
58,-168
37,37
34,-97
49,-126
39,46
61,167
9,121
-7,72
5,-82
37,34
34,49
-43,171
33,93
67,-140
-6,-76
64,60
-17,169
-23,70
18,-84
12,123
-54,-147
-41,-92
6,60
40,0
-12,-111
82,118
67,-156
-20,174
7,39
20,147
35,-100
67,-19
65,-147
64,-159
-53,11
-50,146
5,147
-13,174
-12,-72
-9,155
18,-100
79,-20
55,-35
56,-35
12,-60
22,98
45,139
18,-99
-30,179
-5,120
36,76
-56,148
9,-61
-54,-146
45,-126
27,129
37,3
0,-78
36,75
-49,175
-19,174
-20,34
42,83
45,-124
37,-32
67,-154
-11,67
43,-125
-8,-109
47,142
40,27
-27,-65
60,-147
4,98
36,-82
-3,-103
39,45
30,103
43,-108
40,15
5,-74
12,42
27,-44
54,166
74,130
37,29
-12,66
67,-146
22,62
59,-149
10,-72
48,150
-50,123
65,-163
50,158
62,-142
4,61
51,-170
-1,-77
50,151
56,111
42,79
14,-88
-61,-44
-70,64
-38,-93
-21,171
51,101
5,97
49,-124
23,-109
46,-116
36,29
-38,145
1,93
-2,-77
-16,179
18,-92
40,25
6,123
-22,131
4,-72
4,90
-4,147
51,19
6,134
45,9
33,137
12,122
7,125
5,61
-5,123
6,62
-31,76
47,-110
-31,-64
9,-78
29,-102
-26,113
19,39
9,-75
23,145
65,-156
22,96
8,-104
34,84
50,-140
64,-158
8,95
66,-137
-6,-72
-20,177
10,123
15,-98
26,57
-7,147
34,102
36,67
34,135
34,79
-2,146
33,101
6,59
-6,30
71,-6
43,107
43,105
-21,-72
-16,-68
35,135
-9,157
35,77
28,90
62,-26
58,-141
7,131
37,67
64,-163
10,-69
53,107
19,-102
-55,-56
-26,69
37,104
42,77
-52,20
-46,-76
-15,173
28,-106
38,-95
27,-112
-27,180
-45,-81
44,21
43,138
61,-58
12,146
24,144
54,167
-5,29
66,-143
39,19
-50,120
20,95
33,-119
-12,15
-55,-131
-6,-78
13,-73
37,76
-63,172
77,-97
61,168
17,-46
-40,79
45,-25
35,81
38,97
65,-19
-10,66
-50,105
-49,108
-6,141
-50,111
34,-98
-15,42
7,93
-22,122
76,-108
82,121
33,-13
36,-115
26,145
37,56
-49,110
37,-83
9,123
-12,-75
-41,-74
-19,-64
16,86
35,-11
-61,155
-11,30
45,-26
34,23
49,-116
53,101
45,22
-31,121
-5,36
48,-124
39,42
40,68
59,-31
31,51
-53,20
-36,54
-47,32
38,56
-8,105
18,94
5,98
-27,-116
20,38
-27,-115
-25,-68
41,-29
32,116
29,53
-52,15
-1,-24
-44,-82
-44,-81
28,92
7,117
-16,68
-23,-65
37,-10
-63,170
-15,-77
-64,170
-21,-172
42,-125
47,94
2,-98
9,-39
86,36
-1,-12
-3,151
-14,-14
-55,-33
40,63
-47,34
62,-156
49,-29
34,103
30,128
-14,165
-9,121
51,-116
62,2
68,-142
25,98
15,-90
44,-107
-46,-14
-63,-60
82,119
42,64
13,-70
-18,-148
9,-82
71,-135
-60,-48
-53,153
-33,-111
-22,-12
-64,177
-56,146
13,94
2,-80
42,63
-6,126
-60,-50
-33,-112
53,-36
-19,180
-38,50
64,-153
18,95
37,57
-50,140
41,-108
72,4
-18,-171
32,-109
-57,-143
-48,106
-49,107
-14,-175
15,-62
-41,45
23,125
-51,-76
52,157
30,-116
39,78
36,74
48,151
47,-27
-10,-12
38,89
-14,-71
-36,-15
-22,69
56,167
35,-35
-17,166
63,151
40,28
-3,154
43,140
-54,10
56,-142
52,143
-2,-15
68,-157
32,59
46,-73
42,47
59,-146
-55,-32
-18,-64
-64,173
-63,173
31,-41
79,4
38,25
3,-80
36,144
3,64
53,177
-63,-164
9,94
-26,-174
61,-158
17,-102
39,110
44,24
40,-104
31,-42
78,126
3,-85
24,-45
52,151
29,67
-2,124
19,-82
4,-75
-50,-6
18,128
-14,-15
56,122
50,73
30,-115
11,39
26,97
-17,-180
-59,150
18,144
34,83
44,17
49,86
39,111
15,124
29,58
32,76
-53,24
70,-15
12,-81
56,-149
-27,-68
41,132
-48,120
-54,-56
-10,91
46,-27
27,92
-54,5
37,55
46,-117
50,152
31,104
-30,138
24,92
73,125
21,100
-25,-174
-1,67
20,96
-12,26
18,-83
-25,-115
21,-157
73,3
15,54
67,10
-7,-76
-58,148
-58,147
-24,174
-61,-52
34,89
-45,36
36,-92
50,159
-11,110
17,119
-1,-18
60,171
3,-77
45,143
0,-25
10,-68
40,-105
16,96
50,12
10,120
18,-46
-23,40
51,159
-63,-160
-63,-163
41,52
-45,37
46,14
71,140
39,100
-6,-106
41,42
-5,125
85,3
32,110
26,56
49,-68
19,-101
53,-178
42,21
69,-51
-6,-81
30,-106
34,36
7,-80
30,35
-55,156
39,49
10,-41
-11,-13
18,88
-69,171
-1,-91
41,78
-35,-176
-4,-106
-3,98
78,-86
55,161
38,134
50,9
66,-157
-49,-116
37,69
10,143
-8,38
-10,-13
36,-106
34,-96
3,-94
3,-95
16,107
54,-148
6,145
-60,-152
57,-164
34,-5
-43,84
34,-37
48,-27
64,-167
59,-147
-19,150
-50,-115
20,100
32,-6
-30,-175
56,-136
37,-12
68,-156
41,-30
36,52
-41,-81
0,137
-46,-12
26,68
36,66
-50,128
48,-104
15,-96
-36,-16
-12,164
17,124
32,96
65,-16
25,-46
35,72
16,118
21,101
57,-141
32,139
35,-10
40,37
19,-81
-16,165
-38,112
85,4
4,-31
56,-138
43,94
26,101
69,-148
72,3
-33,140
43,0
-50,109
-12,114
0,133
-41,-88
-11,122
55,111
15,96
50,-128
-46,96
51,-139
33,-64
65,-166
43,78
49,-120
57,130
-9,130
-11,114
-10,154
85,88
84,-4
-21,177
-14,23
30,-68
-41,86
31,110
53,163
31,116
33,73
49,124
24,104
44,-116
-63,156
38,79
67,-155
10,141
71,-137
78,7
-22,70
61,-138
-54,9
44,44
87,46
45,134
-49,117
39,106
-15,-180
-1,150
-2,98
55,-151
38,-27
60,-155
-19,-72
-1,-20
39,56
14,-61
-50,-114
-12,115
61,-169
46,-119
45,7
-8,-72
45,-123
-7,30
33,60
50,160
-4,105
3,-87
-21,175
39,17
-24,-82
37,24
54,-180
-46,-11
-35,54
-20,-72
67,-165
48,-112
-47,-10
37,124
-3,104
37,54
23,-81
50,-116
14,40
-62,162
42,-107
31,111
1,133
-1,-22
45,26
61,145
4,87
52,-132
33,74
38,-106
28,132
-11,115
15,144
53,-177
26,64
18,-91
37,6
8,-74
72,-135
11,-73
21,-106
36,82
-6,112
-29,62
36,83
-2,141
-50,70
-11,118
10,-40
31,-106
33,-80
-35,-111
47,-28
-61,-25
12,-90
26,-100
13,96
-53,-32
-61,157
-17,124
-55,-26
-27,173
27,35
27,145
38,26
34,-4
0,67
41,-111
46,15
-5,137
5,-73
38,32
74,-73
34,-107
-46,35
6,-72
29,68
57,121
19,96
19,-118
66,-165
38,46
-61,-19
34,80
-39,-92
-49,123
12,-70
44,43
32,91
62,-160
86,25
26,-44
26,-99
60,-57
-29,-66
31,-119
-33,106
71,-9
60,-56
67,146
54,164
-15,27
44,-108
-43,-83
37,35
44,34
6,96
55,-166
-28,180
12,-74
43,96
39,107
-18,66
-60,-60
15,-24
39,139
48,-105
51,-138
-59,-60
51,174
-2,127
22,-68
37,4
-63,-162
-27,-179
72,-76
37,74
47,-119
37,-109
-34,57
12,-71
42,-122
54,-153
30,76
10,-70
-36,-40
60,163
80,0
51,-4
-54,-46
8,-80
43,132
52,144
65,-141
-11,111
15,-59
2,123
-3,86
34,-82
7,-75
-11,-167
-45,-82
24,90
-57,-6
38,15
58,-34
-37,-75
-11,-75
-14,67
-53,107
5,35
25,-99
35,-77
40,49
67,-137
36,19
-67,108
40,54
44,-99
-60,-24
74,-84
-14,174
32,90
50,-139
33,49
-53,-48
28,97
15,-89
17,-105
15,125
-1,148
38,-91
-52,18
5,129
34,46
77,7
-7,112
25,126
56,-163
-25,-173
-55,-126
64,-140
-13,-175
38,139
-2,148
-45,-78
35,-91
47,-118
33,-98
36,58
24,-112
-1,129
23,101
52,-136
45,17
28,-105
16,144
39,77
2,19
36,55
61,-178
50,-118
-53,142
17,43
-41,-105
32,144
37,-104
-9,153
1,68
-36,-98
17,-67
41,14
-4,-102
33,94
-19,87
48,19
13,-93
33,-40
4,-77
-9,107
1,-98
59,102
-27,-64
67,-151
-60,-44
0,135
24,36
18,-93
74,9
27,-111
43,-122
-35,79
86,21
33,87
27,101
79,126
-6,73
-50,115
46,-126
40,-120
5,93
38,55
28,93
42,50
-5,149
-6,31
-54,-54
-9,164
-44,-79
35,-103
40,-96
-8,69
48,-113
-11,45
40,-115
9,-41
5,-77
-14,-111
-12,111
-53,12
61,-60
-11,-78
6,149
41,51
-7,152
-37,125
52,82
29,54
-45,-16
66,-149
-56,-33
28,99
12,96
-1,-60
28,-18
36,57
78,17
-56,-169
41,76
15,119
70,-143
-38,-179
43,-120
42,139
61,-156
-56,-168
26,-67
13,-102
38,16
45,-118
25,-100
18,-73
53,92
18,-78
20,-77
-35,-92
-36,52
28,63
11,142
-19,166
-24,169
-18,-74
-1,32
27,68
28,68
62,-143
76,9
42,-106
35,29
-12,122
76,7
-12,120
68,-159
76,8
43,-128
42,48
-56,-32
-60,-43
36,-7
46,144
18,-47
-22,-172
48,-140
33,89
48,145
-25,-64
44,-103
47,10
48,-4
52,95
49,144
31,127
50,-30
39,94
68,142
56,-145
8,-124
-8,161
43,-110
-4,-31
45,138
7,128
41,100
-60,-42
-1,96
40,70
33,79
-24,-113
-37,-71
-59,-17
44,143
-6,140
-42,89
27,-133
-25,29
-1,27
-18,-68
40,79
43,13
39,84
48,-66
4,-79
-28,-81
28,51
-14,-176
29,96
36,-5
-69,-87
27,57
-2,69
38,-90
-60,-46
81,-4
46,156
2,130
67,-147
52,142
20,-105
36,46
37,87
42,76
0,26
37,120
-61,-45
34,45
77,17
48,-3
-3,119
40,-82
-63,-165
46,131
-6,-80
9,139
54,-147
36,88
-5,108
4,-76
13,-60
-61,-46
64,-145
55,109
-31,-65
26,103
-19,179
30,66
42,41
7,136
37,-103
-27,-14
-61,-48
12,-82
13,142
-55,-151
44,9
-5,118
25,-45
20,-106
58,-149
-43,40
30,97
31,-105
-15,41
-15,174
66,-146
61,-144
18,-60
19,61
34,-95
-50,118
73,2
-1,68
8,60
-9,29
23,-113
40,-4
35,45
49,-69
59,149
3,67
52,99
-50,117
39,98
49,139
-9,31
14,97
36,145
-58,-151
24,101
73,-73
59,-178
26,119
-4,122
-65,-178
40,146
34,58
67,-142
-13,171
40,97
35,143
-25,-116
-36,78
19,-71
47,144
13,48
-28,63
53,109
33,78
42,85
1,-90
17,41
16,41
-21,33
-62,-159
65,-152
-18,-66
-26,31
43,87
-40,179
39,95
-28,62
2,31
65,-144
15,-99
42,-81
-27,179
58,-134
42,89
10,-59
-65,177
68,-141
-19,-66
11,-43
53,-5
9,91
19,-72
-14,169
14,-95
34,88
-20,180
55,113
24,-100
83,-24
48,33
-38,49
-42,-85
-37,146
-25,28
50,125
-52,161
54,86
49,-28
6,87
10,142
-43,42
38,37
-1,138
21,-159
-11,150
-52,25
-1,-79
14,155
54,153
51,-168
-3,-105
-28,69
38,44
-6,-82
57,-167
11,128
-26,132
53,-180
-8,32
-36,-109
13,-61
28,89
-35,-69
47,-114
49,175
-39,-71
33,77
20,68
10,146
3,147
12,-69
-3,36
16,-88
35,20
24,98
82,-6
22,89
28,33
-6,-122
32,-94
34,85
32,-5
39,-121
-60,-33
56,-121
44,-17
43,42
56,-134
55,153
-2,116
40,67
55,154
35,-93
-8,40
-54,159
42,-117
45,-74
47,-108
-61,153
54,168
63,-25
-9,154
-1,125
-55,-22
57,-6
-28,179
64,-160
16,-101
38,124
29,100
35,30
-42,-88
14,50
-53,23
0,27
-58,-7
32,87
8,142
45,153
31,87
39,88
36,-100
49,123
-50,161
30,53
70,-147
-19,173
30,52
33,12
15,42
43,122
68,139
28,64
48,141
34,54
-9,132
-8,111
60,164
19,-99
-34,-14
30,-105
-36,-18
45,-125
45,11
-13,-78
8,-84
53,157
38,-108
-34,-15
42,74
11,-61
28,61
-38,144
35,6
28,62
67,-148
41,48
38,-25
51,92
56,-131
35,-2
6,-99
-27,-169
-19,-12
-8,144
46,-28
65,-160
28,103
-28,-113
34,50
15,-87
-45,35
18,-107
48,20
-66,-174
-15,-70
-4,104
35,124
43,-2
-66,-176
-55,1
-1,102
33,52
-50,-7
86,28
12,-45
29,63
-42,-83
-37,176
29,95
-28,-65
1,91
-5,8
33,-5
35,82
15,-47
-17,-63
87,57
-24,-64
56,-148
19,98
28,34
44,-28
-19,167
-42,-75
46,7
46,6
57,-138
-7,28
42,8
66,-18
-58,-23
34,8
33,143
2,-100
7,134
37,97
2,-101
66,-17
-40,45
-23,68
-66,-178
39,-81
43,47
68,-19
68,-18
50,-50
-64,175
31,53
19,-103
50,90
8,121
33,95
55,-152
56,109
40,51
82,-8
72,-145
61,70
23,64
-12,42
36,96
36,-6
62,-137
8,117
54,-123
36,-35
37,43
-9,-132
-55,158
60,-162
-20,-66
28,-92
17,-103
-58,-144
32,-98
81,120
11,-66
-6,143
42,-82
41,36
24,69
46,-2
42,-108
-43,41
-44,40
-6,36
17,-91
36,35
47,85
-4,-79
34,62
48,-111
29,132
37,45
34,86
3,91
30,95
27,76
24,114
42,69
30,57
41,-118
25,89
24,107
61,-42
-11,168
31,105
-10,168
-2,-98
-9,156
34,90
-8,132
8,147
-2,103
4,-82
55,61
22,6
-60,-32
-7,-122
31,78
-37,53
1,-77
53,7
51,-129
45,-72
42,97
-5,135
38,82
-57,-30
67,-174
65,-123
38,-17
68,-144
48,81
-37,-180
37,96
62,-125
-23,-113
42,80
-53,141
32,-108
53,143
-24,44
44,-125
62,168
58,-142
54,143
38,-109
-16,177
38,119
-45,-79
8,-86
42,123
-21,-64
-20,171
-13,123
17,-69
51,6
37,-33
65,146
55,-136
31,100
2,89
-37,-17
32,-120
-12,112
-42,86
26,106
-9,-65
-2,-16
-63,-161
-1,137
43,81
-28,-12
33,-39
-41,146
-53,-47
66,-175
-40,-92
-39,174
38,-89
38,-4
40,-98
55,-137
7,-30
-32,-14
38,38
39,28
28,94
-62,-161
-56,-130
22,63
11,-60
11,-69
80,122
18,119
35,-36
38,36
29,107
-56,-122
13,-58
-35,-105
-39,46
11,143
63,-143
-8,101
-22,-13
41,146
67,64
-26,-67
-3,120
32,-119
28,76
41,139
60,-29
33,84
25,97
39,140
-6,121
44,-109
-38,-17
20,-63
46,-113
70,-145
-16,42
81,121
-50,-116
-51,158
-2,-82
45,38
2,-76
23,70
67,-175
39,-127
34,60
60,-177
14,-62
44,29
-55,-136
-48,105
-60,-19
-30,-111
52,-161
25,61
43,-107
71,-7
53,176
-28,126
33,88
76,-98
-9,-63
33,72
-46,-15
-22,174
40,110
18,-97
30,67
38,106
34,-87
-7,71
-59,-18
33,70
39,47
15,108
-16,31
40,64
53,-133
-5,-76
43,-117
0,28
-33,-14
30,-88
-43,125
11,-70
-36,-105
0,128
41,-113
-35,55
-54,-118
-11,129
-53,9
52,-133
24,-110
39,93
14,58
11,123
86,84
-28,66
86,83
87,52
-5,35
-15,-13
53,-131
29,57
33,133
29,94
19,144
3,148
25,56
14,96
43,89
66,-19
11,-74
86,85
43,85
-6,98
39,-30
42,-102
24,81
-54,144
65,-153
44,-71
-7,134
37,-13
25,102
42,46
25,-113
-20,-64
25,-110
-7,116
-60,152
-62,153
-60,154
32,78
41,88
24,-108
39,34
47,98
43,70
45,10
45,-127
42,82
23,146
38,71
-4,81
56,-143
35,-107
48,-103
62,-154
41,15
-10,151
31,84
-58,-14
36,73
-14,30
32,58
-28,64
-21,167
50,-170
67,-166
-49,-117
36,13
36,-103
44,82
47,-120
83,117
37,44
-24,83
51,143
25,99
-34,152
-53,-14
23,36
7,96
69,-16
25,91
26,66
-11,-73
-58,-22
2,-95
-21,98
-6,69
-23,39
12,128
47,87
14,126
71,-11
64,-22
67,-159
62,146
-10,117
-14,102
40,117
-12,100
-55,141
37,-111
28,83
12,-13
-12,109
12,-66
-84,42
40,44
55,168
3,130
-12,116
-43,175
5,62
21,97
64,-19
7,-37
-18,-149
57,-140
50,145
42,16
-27,-113
-20,41
34,59
46,155
81,122
65,-174
-53,15
-58,-147
9,-9
57,12
-42,176
-76,164
25,-109
30,48
-61,-58
20,90
-64,-168
-38,-16
30,85
84,2
40,88
25,135
64,-161
51,87
44,-15
35,-80
45,-80
47,139
-65,174
34,-39
37,51
79,124
59,-140
-66,134
2,119
39,68
36,87
69,-167
42,44
33,120
-60,-51
51,155
-56,-129
19,-100
31,74
41,136
30,108
68,-168
-13,-73
71,-10
43,23
35,47
19,-60
27,59
40,122
16,-85
50,96
49,147
52,-61
13,91
3,87
5,77
20,-96
38,17
68,-169
34,15
13,42
-13,165
-25,-10
36,79
-11,34
-42,-110
68,-148
28,-98
58,163
1,90
-24,-14
-34,149
-16,41
-66,178
-62,164
29,77
-36,-107
39,6
86,41
-44,167
48,131
-37,51
44,-29
50,-127
-2,-76
30,69
38,42
-9,28
37,42
-15,35
-12,125
1,94
37,146
-31,150
58,-125
54,-11
44,80
58,-150
38,-31
2,69
36,80
36,5
36,100
-26,-63
25,143
-49,120
-77,-150
-77,-149
69,-168
25,67
-44,171
43,79
3,88
44,40
40,118
-27,31
-41,156
-8,-98
86,27
-1,-103
18,93
16,60
-7,36
-37,79
45,12
15,97
34,87
-17,-44
34,2
8,-81
20,-103
-45,-80
75,-121
85,-2
-54,-63
1,96
51,100
-33,-75
-3,89
-16,36
41,23
34,34
-11,128
16,-89
39,-88
-29,-113
5,88
32,47
46,146
0,-21
33,96
35,44
-6,125
-43,-21
83,-6
27,95
-23,-77
-34,74
36,34
21,-109
-55,144
52,-81
22,-109
23,141
84,0
35,53
84,-1
33,105
56,-147
54,-134
38,41
-17,-65
4,88
-4,87
12,92
9,93
-3,23
36,2
72,-131
5,63
39,66
-35,149
36,-3
38,-87
63,178
-2,38
-36,79
-22,-116
29,-113
8,98
1,95
54,95
-34,-69
-58,-15
-58,-65
17,74
28,-113
38,13
42,-66
-27,-13
28,-114
5,92
2,88
5,91
25,144
65,-143
4,68
28,-111
45,-122
37,-106
75,136
57,-147
32,-106
52,-160
7,-35
20,-93
43,-14
68,-160
-53,-49
23,-110
-8,30
1,102
80,1
57,-170
39,30
72,-33
-57,-140
67,-150
26,88
40,43
-10,157
61,4
36,1
-20,14
33,91
36,-1
2,118
59,165
78,-115
32,-104
37,49
-8,146
3,-78
38,-82
-18,48
-45,166
32,55
60,6
-7,101
-11,43
-12,-91
-41,-17
55,-171
67,-161
66,-174
61,163
38,94
19,-76
65,-88
39,81
40,71
32,57
-12,-13
38,-110
10,140
-25,-15
64,-129
-49,-10
-5,70
51,97
-13,24
55,169
48,87
11,-64
51,96
14,51
-50,119
-35,-118
-18,-13
46,-120
38,28
6,121
32,71
34,-6
32,83
37,68
30,31
-42,-90
49,-115
-14,41
-39,-179
-40,-76
47,9
45,93
33,21
5,-75
18,64
41,75
38,50
42,106
18,-27
-17,28
-37,-94
-32,-112
41,-115
-48,31
51,-102
35,-111
38,-3
10,-74
-41,172
-41,178
-35,-70
44,109
-37,-110
42,-86
46,11
30,-103
32,89
4,36
73,4
-61,-57
-47,-14
-47,164
-3,-83
53,-179
-65,-174
-7,38
-77,-148
52,106
-38,-71
39,35
39,31
-17,171
36,8
-14,87
-64,-167
57,-132
41,84
34,75
33,-120
-13,66
20,-62
-58,-149
50,78
41,-81
2,-77
-14,63
61,-137
26,-112
38,-105
74,134
12,-112
-12,65
35,-122
13,41
33,106
56,-167
23,99
-50,110
-55,77
56,118
30,60
-17,174
-29,20
69,-142
-40,-72
-11,102
-17,172
-35,172
40,94
-18,98
87,48
49,160
16,95
13,-53
-52,142
-22,114
32,93
44,101
63,-157
49,-118
37,-82
5,37
-54,158
-39,-91
27,125
-60,151
-44,180
45,37
45,99
35,133
-46,82
-41,-84
-15,-65
-84,132
32,60
81,-2
4,79
43,-103
0,102
9,147
30,83
40,50
43,-104
38,-24
39,-110
36,-126
36,-127
-43,172
-58,146
-33,-65
12,-65
51,98
-29,-14
-19,158
19,-110
-29,-167
34,104
0,-77
-24,171
-41,127
35,85
-42,-86
-46,-73
86,31
28,127
-5,100
11,44
67,-152
21,70
-63,164
-32,-13
-63,157
-35,139
-26,-139
-7,142
27,139
29,110
-8,26
43,101
-32,139
54,124
36,116
22,124
27,67
-27,-109
85,11
-26,-116
-24,172
-27,39
85,14
-31,77
-46,-75
38,146
10,139
10,138
38,87
-62,-155
51,161
-29,-63
31,-65
-44,-83
77,20
49,24
51,-64
10,145
-14,-173
38,35
31,94
40,39
-13,-176
80,124
-13,-14
41,44
63,-126
-57,146
38,-16
-11,27
51,93
-9,34
22,-67
22,-107
-4,34
18,77
-20,148
49,-127
20,-78
47,-23
34,-86
30,115
-13,45
-59,-21
-36,-75
52,6
22,-60
25,-107
-50,-76
33,51
16,42
28,60
-33,139
25,138
20,123
38,120
18,-79
40,101
13,-57
52,97
44,105
43,-74
44,104
7,-105
23,91
39,79
38,-80
3,133
1,109
45,92
-1,26
15,94
-65,-171
-6,100
51,16
-72,168
43,43
-42,-17
50,-126
-25,-112
71,-134
52,98
33,69
50,-122
30,87
28,65
44,-100
14,-59
83,-35
40,23
33,34
-12,168
-37,-179
-53,29
64,-138
44,4
10,43
46,-110
27,-108
15,152
36,93
34,-115
62,-65
-29,-175
46,90
-54,-27
74,133
-42,-84
50,119
45,145
22,-99
-16,26
26,60
-3,99
-27,68
6,122
43,22
74,135
-16,175
64,-155
50,-1
-21,120
42,13
-14,177
42,12
44,-72
-2,75
-10,29
-53,-4
-37,175
-13,114
-14,175
65,1
21,-99
21,-100
29,101
47,26
-38,-70
45,-73
35,76
39,146
-35,175
-61,156
27,-113
43,67
79,-19
-62,-58
54,-154
-46,164
-48,-12
-60,-57
14,42
-62,-59
51,-165
-63,-57
-7,-123
-7,40
34,101
-36,-76
75,132
15,-97
41,-82
-2,149
-41,-72
35,132
-43,-72
40,55
-38,142
-11,-14
-37,-97
-2,40
11,-65
-63,-58
23,104
20,-158
-24,119
73,121
-42,-89
34,-108
-17,-64
60,-122
20,91
-20,167
-13,-72
-33,22
54,-177
-55,2
34,-12
38,-2
63,-158
21,104
-18,123
-8,153
77,19
6,-48
68,-161
44,-69
20,94
-40,-58
-58,-10
42,66
-8,28
34,99
44,78
32,143
28,-46
46,-96
85,5
-51,152
26,134
-16,173
30,89
46,83
47,89
66,125
54,-151
36,-11
14,-83
32,-66
-35,78
-20,114
59,-159
43,-56
68,-154
31,101
-59,-160
41,-1
-42,120
18,-85
1,118
-42,178
67,-54
-49,-87
-60,160
47,-77
-39,-180
37,-81
37,-8
15,40
-3,121
38,0
61,25
69,-146
43,75
44,36
57,122
56,121
-17,146
-19,178
-52,-118
19,-75
42,113
-2,147
50,79
39,112
86,87
9,-77
53,-150
10,136
-55,-119
35,68
37,-123
35,100
46,94
19,102
-21,135
-62,-158
-46,-72
35,52
32,100
50,8
27,87
0,94
52,92
10,-80
36,56
31,48
-60,-59
-9,104
22,125
-46,169
39,92
51,108
8,141
67,-169
-49,-11
48,18
-49,-118
10,108
-19,67
16,-60
-48,-15
51,144
-27,80
2,120
19,-92
86,19
-10,105
-26,-114
29,69
72,-150
50,-31
41,30
49,-121
31,117
37,-110
17,-26
-39,-75
1,-86
36,111
49,126
14,-19
3,-104
32,137
33,124
-55,-1
44,70
78,-1
46,8
-22,-65
-56,144
54,-2
-60,150
86,15
-38,175
34,29
54,82
41,27
21,103
40,-86
0,33
-10,25
34,131
76,-109
12,-57
-59,-23
72,129
-42,-73
54,-3
35,59
-59,-28
-62,46
11,146
-47,-11
20,-73
9,-76
-26,84
36,-2
-58,149
71,-5
44,8
0,134
40,38
-23,-40
80,2
45,6
14,95
-12,-71
-3,29
34,-111
33,85
26,63
33,86
-35,38
17,95
-2,35
-27,-66
64,21
70,13
0,34
23,-108
60,166
43,-70
71,-14
-34,137
38,113
68,-155
42,17
47,161
-30,75
-11,-80
40,-77
41,50
14,-105
61,-161
-81,158
39,-109
33,55
34,68
-1,6
-36,145
64,-127
66,-170
-21,34
-24,16
19,-62
-38,-91
36,-94
20,-99
-7,119
-55,-135
56,155
-63,166
42,-16
35,7
10,-61
50,-67
57,162
41,-83
12,-105
28,-115
62,-157
21,102
34,31
26,104
-1,119
-25,34
74,-94
-56,-128
-9,117
30,78
60,-176
28,-107
6,32
60,-178
72,-66
19,93
59,163
30,101
35,75
30,-104
-7,-73
-25,171
29,-108
35,-6
0,101
46,-72
-62,-160
65,-154
-18,-65
25,66
33,97
72,-67
46,-114
29,106
-43,178
15,-103
32,-101
-18,16
50,7
-56,-127
-4,35
71,-133
40,114
22,100
40,35
-42,82
45,-69
47,93
59,59
39,-8
8,-85
50,91
-7,69
-26,78
-63,-159
-54,143
39,90
54,110
61,161
-25,-66
69,-17
3,-75
-58,-29
31,82
-3,84
34,32
2,133
-35,-68
-33,152
47,132
-43,-76
-16,-115
-35,-75
-9,33
-6,-110
49,92
35,96
36,-9
27,-45
-40,-71
-62,149
-4,118
-58,-8
35,71
-7,-11
-38,-76
-39,-76
-7,111
-56,-5
-45,96
66,-160
-30,166
51,142
64,-166
41,-75
33,-105
42,131
52,-159
57,8
64,168
72,-158
-37,-111
-46,165
-12,41
-39,82
-12,170
39,-16
-37,48
-16,50
-32,-66
-9,131
46,-68
-45,97
9,142
30,106
-58,-142
2,-90
-39,-16
-29,-65
-30,-14
66,-156
-3,-102
16,-75
8,-110
-39,180
55,142
-14,34
-30,-66
-6,-36
-57,-144
85,101
-57,-29
46,106
-38,147
15,-46
26,105
63,-141
-63,167
-9,-78
42,-30
19,123
-21,67
33,15
3,-32
-1,28
60,151
-56,-141
10,41
43,-79
44,123
35,114
-43,120
6,-34
42,-31
36,-10
-60,-34
33,0
42,94
22,92
21,92
53,154
45,27
47,82
66,-168
-37,-100
-32,79
65,-142
-29,78
72,-72
-20,64
18,60
68,-145
-29,180
38,-79
-46,-80
41,34
38,107
-4,25
80,-112
37,106
45,-71
39,91
-27,-108
44,137
-60,-66
-55,-120
37,80
29,59
-17,179
36,-36
55,-133
55,-132
30,86
-54,-70
-1,69
12,45
34,109
38,18
25,101
64,-24
-60,-65
26,-108
35,80
-38,-95
64,-141
84,113
84,111
34,-92
-51,-32
1,30
58,-146
67,-162
4,-103
38,-32
-18,-116
82,120
73,135
-61,-35
35,-82
40,96
11,-75
33,-7
39,0
49,-113
72,-1
67,-131
45,-104
67,-170
-55,-144
47,90
18,-108
10,-95
12,120
76,6
10,40
-14,98
43,-130
29,-114
11,-68
-54,-121
7,2
43,44
39,14
16,94
44,106
34,143
-30,180
70,-96
16,-116
24,39
-40,-91
48,158
53,144
42,134
51,89
38,-103
-7,31
-45,165
5,146
40,-113
-45,-72
-39,138
-5,-11
44,131
17,-92
-39,137
67,-160
-42,-72
61,-126
-21,15
63,-159
-24,-72
64,145
10,95
-55,-125
44,-118
53,-159
33,134
71,-68
50,-66
-11,-15
-9,96
-42,42
36,43
39,101
-1,84
44,130
28,-22
-41,79
33,35
14,-85
75,-72
16,-86
62,169
54,-131
15,-86
43,66
-43,170
-51,117
33,-124
-35,-102
-11,-84
-31,118
4,133
-42,43
36,90
63,-167
-5,106
33,135
-55,5
-18,-56
87,54
73,5
45,79
-43,-73
40,-71
-58,161
-53,-117
-37,-20
43,-78
49,84
37,-25
-50,121
-44,-107
-17,27
-60,-20
25,38
-19,177
82,-9
37,-80
-15,31
9,-60
-35,-18
47,125
45,144
25,57
58,164
-3,69
-3,-82
48,8
-65,81
10,-67
-19,24
47,-54
-48,-76
43,72
34,14
45,8
-19,-171
43,130
40,41
81,-108
7,83
-46,168
-53,-80
54,0
27,71
-58,-6
-34,117
11,-67
-63,155
-13,68
-62,160
13,-86
33,-81
22,86
-27,73
-2,30
37,123
55,93
-12,35
62,-80
44,125
26,67
30,-117
6,92
54,108
-63,-166
43,134
-17,-11
-16,121
-30,118
80,-1
45,101
31,-9
-27,-175
20,89
-27,75
4,-78
49,158
70,-146
64,-40
-30,-65
47,84
40,113
35,21
-52,-12
43,25
58,-140
41,10
8,93
41,-74
43,74
40,42
38,-18
85,98
57,120
-1,149
-54,-57
2,-87
62,156
23,-111
-20,35
-39,-15
-22,167
-7,143
64,-162
60,-1
46,81
65,-161
85,15
27,100
60,149
57,-161
23,89
42,-116
22,75
56,113
41,123
32,80
-32,138
64,-139
30,-113
42,0
42,2
47,14
-33,138
38,95
68,-59
26,107
48,10
52,7
68,-151
31,83
42,7
44,14
44,5
43,-1
17,-84
27,-14
51,5
71,13
52,8
16,123
10,-43
-32,-50
80,-115
22,123
-51,-73
43,1
42,132
40,-3
56,13
48,9
48,142
64,-132
80,-116
7,-79
41,7
38,-9
44,102
7,69
33,90
66,-169
-6,-105
48,86
-22,128
45,3
50,18
43,73
44,13
12,139
35,46
-21,180
-64,-169
34,93
20,101
0,119
-67,113
-55,160
50,1
43,3
-15,39
37,-5
49,8
63,-85
51,8
44,-8
31,69
39,18
-62,-62
-11,37
33,59
79,-115
79,-114
66,-140
49,-3
42,-4
-44,-72
46,3
27,131
-31,139
40,-2
48,-100
24,66
31,67
48,-8
40,123
-6,27
3,146
37,-14
45,-4
8,-59
21,-69
51,150
-45,88
41,122
35,0
31,85
38,-93
-13,-100
43,28
47,1
35,78
-5,124
38,99
-18,47
54,-155
34,-93
26,55
21,-63
41,-7
22,-98
32,102
21,-64
-34,-126
-22,168
20,-79
21,-62
52,-2
80,5
-45,173
-17,-23
43,102
-51,-180
30,91
-32,141
52,-117
39,-10
-26,75
42,39
37,93
-60,-52
67,13
12,41
12,40
41,82
20,-104
25,62
-3,82
-10,153
68,-55
4,69
34,-2
70,30
36,-101
43,11
45,83
-20,-65
37,-7
53,4
47,11
50,13
84,110
-56,-140
42,10
42,-113
45,14
-64,-176
21,71
51,152
61,143
40,-15
51,104
30,145
22,-12
42,5
60,18
35,-12
37,-6
-1,34
48,-6
84,109
40,-84
71,-3
50,100
49,7
-35,90
16,-49
21,93
35,-14
55,110
38,-30
38,-8
47,-4
78,2
34,71
48,-1
49,-4
38,-12
48,0
-4,124
47,8
28,-15
-52,-1
-61,-68
38,-1
5,-103
-49,-113
43,-129
50,5
-12,113
47,-129
39,33
-12,46
-51,112
73,1
59,-55
33,107
-17,-68
62,-158
12,-62
42,24
9,128
52,104
41,24
-67,112
50,-131
48,-2
43,2
69,-18
48,7
-11,42
-52,12
41,-15
8,59
39,-1
62,-135
28,-21
60,5
37,25
36,-14
7,145
43,-28
36,-13
79,-92
34,92
47,3
41,3
84,114
84,115
82,-18
62,-136
60,22
32,92
-11,108
83,115
11,144
22,-158
51,15
66,-36
19,-98
48,13
44,-3
51,4
43,32
52,2
50,4
42,4
48,82
35,83
45,-128
42,-7
63,-163
-30,-110
38,-19
29,49
-10,164
78,22
33,104
18,74
-53,-135
79,-96
-20,44
25,90
12,-59
20,-17
45,36
34,-114
69,-53
33,-14
-7,133
45,23
42,9
-26,125
27,96
49,151
-7,-72
43,16
36,14
47,123
72,-134
24,88
75,-61
22,-105
26,118
45,31
48,12
10,-87
61,28
33,36
34,72
19,99
45,137
10,91
35,-1
46,148
56,138
51,173
-23,38
84,1
-51,149
68,141
77,131
48,14
40,5
31,58
41,-4
53,-145
41,39
25,107
56,126
-62,47
43,-31
54,141
10,-76
41,1
43,-9
54,128
-26,-65
43,-11
44,81
72,-54
-49,116
45,84
-28,172
24,108
-2,150
-37,-108
48,11
35,-5
28,95
61,-118
7,-101
-44,36
37,12
49,122
-11,123
9,-63
-30,147
-41,-106
31,106
41,12
68,-170
48,1
32,106
44,135
25,85
68,130
-12,79
-33,-66
37,103
53,-116
48,15
41,16
36,7
48,28
-38,-18
-13,41
-43,121
47,157
29,50
34,125
16,-90
17,-90
33,20
-1,89
-26,29
26,99
64,-21
55,52
27,34
34,9
55,-3
20,-100
41,25
29,85
71,-72
1,103
29,-16
29,89
60,11
18,-80
38,3
22,142
43,6
30,137
8,128
38,19
37,7
60,-59
44,96
32,-88
21,141
61,-71
-2,88
35,3
38,12
24,102
67,-164
28,-16
30,104
-1,145
21,-66
-50,163
41,63
34,-89
-3,-75
45,18
-10,98
3,-88
72,-13
71,-12
51,10
-20,-154
45,16
27,65
41,5
62,-139
-31,117
79,-116
75,-62
45,154
50,97
27,102
-30,142
11,43
62,162
40,46
30,71
32,73
-21,17
51,52
58,10
66,-37
70,18
51,151
16,39
57,125
-19,-65
-56,158
-26,-46
44,15
50,94
39,103
39,130
-4,26
23,66
37,136
43,-5
9,-62
41,26
46,9
42,-2
40,-14
85,96
34,-106
85,94
42,25
24,-47
85,95
43,4
37,9
39,99
47,-3
35,-9
68,15
-28,174
32,75
5,119
40,-1
-39,179
54,-152
30,-15
-60,-58
53,0
36,16
-73,-136
53,9
54,88
41,35
46,145
-7,70
79,2
-18,42
-28,112
45,98
7,129
45,25
-41,42
59,148
71,-160
25,71
-33,179
-54,145
33,110
42,-9
37,-23
81,15
50,-6
21,143
-2,-24
45,-76
-12,-79
32,52
-32,148
-19,-85
31,97
44,134
-56,-2
-19,28
2,132
39,55
8,91
52,163
61,-139
40,119
-58,157
0,-27
40,17
35,115
23,71
47,-65
36,104
-12,-74
49,98
1,-40
34,96
72,-74
-53,-46
3,-140
38,-10
-4,-40
67,-149
44,-7
43,-7
-2,29
39,-106
-62,-54
42,1
48,132
47,5
43,29
67,-153
55,108
28,-177
58,-135
-6,28
47,12
56,119
-5,39
47,-2
-28,147
-13,37
52,12
16,-104
43,137
40,14
65,-87
39,-11
-13,130
23,87
32,-1
47,6
37,1
20,93
31,137
33,-15
26,53
42,-10
54,-116
6,-80
39,13
35,-15
50,84
75,-94
36,17
22,-100
-13,118
-8,33
36,41
58,7
45,4
54,156
45,5
27,99
74,14
-10,42
33,57
56,-129
20,-102
82,-19
44,-14
37,18
4,-97
50,-114
44,25
4,116
58,1
65,137
10,-82
52,-130
46,5
36,95
44,-16
2,117
33,-86
32,135
41,0
74,115
-61,-59
15,93
35,-16
-48,164
-13,26
28,-71
-63,150
5,33
46,17
48,34
2,-83
37,32
-4,39
5,36
-2,-124
46,1
31,49
-17,180
-58,-141
11,-59
-40,-180
45,20
-43,39
-46,171
27,108
-10,88
41,131
40,115
-12,123
-55,-34
68,-54
7,-53
-62,-66
38,31
41,31
13,127
66,12
-36,144
-15,-44
-25,45
29,33
-40,-15
42,28
35,60
41,105
42,31
50,-5
-17,29
32,36
-22,130
-2,106
44,26
53,-3
-43,179
-26,74
-23,115
46,84
35,62
65,-20
47,-109
47,13
49,9
50,6
32,35
44,-2
57,-145
68,10
63,144
-12,144
9,-64
-3,-11
53,-158
34,95
-2,97
49,27
29,92
34,7
37,91
-19,-149
-36,138
68,-124
38,-14
48,-5
-43,-20
36,-111
31,-16
46,82
36,-12
-31,-175
-29,113
70,-17
33,-3
76,25
41,64
46,2
-56,-3
65,-135
10,-78
87,58
44,30
42,91
31,81
24,64
38,137
42,-123
34,51
-14,15
67,-177
41,33
35,40
39,-7
-26,88
-61,161
-34,139
-37,147
21,-76
54,-132
72,5
66,8
-31,112
79,-18
57,2
36,51
48,90
62,172
41,66
30,112
39,12
57,-137
-3,24
21,-175
-40,16
62,171
22,-96
50,-2
64,20
68,133
6,-79
53,140
-72,-116
61,-130
37,33
42,-6
4,-102
64,-164
77,124
33,-93
44,-73
37,10
42,27
47,-76
50,149
52,18
40,6
40,1
26,138
38,98
9,119
-35,148
33,98
-62,-60
-24,-111
44,33
-6,101
40,138
37,85
-18,127
34,57
44,103
50,142
49,133
-27,-141
-45,-73
47,-75
2,-30
24,67
43,36
-9,151
35,86
41,-2
41,-8
41,-101
-37,-98
-14,35
43,-77
-34,151
64,170
36,89
47,15
-16,88
-40,-90
63,-125
-24,170
-45,169
-21,56
28,71
-21,-152
39,-12
57,119
35,14
-56,-126
-15,178
-11,96
39,133
45,141
-57,-68
-19,-73
49,150
50,148
40,-95
-3,87
51,7
60,-2
51,88
67,21
42,-56
-7,141
-11,126
5,-79
70,141
61,136
27,118
-36,175
-28,124
-62,159
-37,151
-30,124
-11,25
47,17
-24,137
-19,123
63,-24
-44,79
-54,-59
43,-3
44,6
2,116
64,-4
6,91
-39,146
-42,170
-58,-60
52,17
32,-4
37,75
40,32
16,-59
35,16
31,36
-18,124
-29,-180
59,6
39,-26
62,4
-19,125
41,40
-54,146
-58,-121
-16,29
32,79
-38,174
56,92
33,-4
-55,150
27,-114
45,19
-15,-111
45,155
8,88
38,40
-59,158
37,38
63,7
38,128
60,167
10,59
34,-16
-58,-64
82,19
54,-150
35,66
48,6
82,20
50,164
50,14
47,7
51,137
-11,160
-28,-114
61,165
74,147
-65,-176
46,28
62,1
80,-110
-11,-79
39,37
14,53
-48,-117
54,1
44,-68
-24,84
43,-8
22,119
47,143
31,-7
31,93
19,-79
-9,133
55,-4
-15,-151
33,102
-6,35
39,136
75,10
56,123
-2,-23
43,24
46,-4
-18,175
-5,-75
-47,105
34,53
50,-4
54,-136
30,133
-50,-72
82,40
20,-98
-43,143
52,-35
35,15
45,80
45,82
32,94
-25,118
37,39
47,23
-25,117
50,-82
34,-14
-59,-61
-51,163
-53,-134
66,-90
39,-5
27,77
-29,124
-2,130
-59,-159
-11,87
-27,177
29,-14
14,-47
48,22
-26,112
44,-9
77,24
23,63
48,23
44,155
46,4
79,-138
12,-84
50,0
40,-13
29,32
24,65
36,18
2,-32
52,-3
41,-12
56,-144
38,-81
48,117
-30,44
37,14
38,-124
-31,122
38,34
8,39
39,116
-8,151
-32,151
53,8
21,-67
-13,-21
44,3
8,-64
44,-10
32,-46
40,36
42,32
62,-155
84,29
-4,70
21,-102
36,92
42,36
43,150
-47,-76
49,20
19,119
48,143
-29,33
-59,-152
20,92
-2,-99
-34,150
-4,40
-21,132
-30,78
8,129
45,97
-23,132
33,-6
57,118
68,11
-48,33
16,124
0,138
5,-52
58,-6
65,-131
31,56
10,-75
42,147
44,79
31,99
-52,158
47,-68
75,-96
21,-70
29,-15
39,32
8,140
80,-3
58,148
-14,173
-15,-169
-21,166
45,102
83,-29
-17,129
-23,130
-16,127
36,-18
36,33
-19,32
66,13
85,91
16,93
72,-6
58,120
51,18
-61,160
72,-71
61,169
37,-15
58,22
57,-144
34,129
-28,136
-25,-67
86,29
41,-84
-24,82
72,-7
1,135
-8,31
62,139
59,164
-39,79
44,-32
74,10
40,-12
72,-10
35,4
49,121
-26,137
2,-104
-63,-62
46,115
20,-101
-57,159
-10,92
60,168
-25,-106
76,26
5,149
57,-160
81,-5
-57,150
30,54
52,162
-17,-171
6,118
62,167
4,99
39,57
-38,140
42,-1
12,148
9,-73
36,20
39,-9
-12,161
68,-65
39,39
78,14
63,-178
29,55
54,89
24,71
47,80
17,93
20,108
75,128
-22,119
31,88
54,87
-26,131
55,-170
29,71
86,70
35,35
-50,135
77,130
12,121
23,37
45,28
52,116
39,9
39,-2
60,-77
50,16
49,85
-22,34
-13,172
44,27
29,-17
35,13
-36,137
35,-88
-5,-79
49,18
-65,-177
16,-106
9,95
42,90
5,32
22,-13
-23,127
-41,78
-30,117
50,147
48,103
-14,-179
65,-129
-54,-26
67,-18
70,-142
6,137
-34,116
-56,-4
45,136
41,111
-26,-115
40,13
-23,168
-45,-76
36,50
-8,81
50,106
70,-53
-25,-1
80,20
71,-15
28,-90
28,120
36,44
42,42
31,90
14,118
13,-49
79,5
60,-31
33,14
47,21
-14,123
41,-16
-53,-50
33,-104
85,21
21,98
10,-105
-1,90
-33,118
38,-7
41,46
43,27
-50,30
10,-42
39,-14
35,88
35,57
34,20
72,-130
-54,2
51,-167
32,-17
61,-134
38,-13
-54,-69
-27,72
-3,124
45,13
35,121
37,94
47,96
45,29
1,134
-24,-51
49,-81
56,-4
62,-126
50,17
61,5
38,33
-28,148
37,-16
-25,113
43,76
40,83
42,34
67,-130
86,23
60,-45
21,-110
60,-44
63,-133
-29,114
30,-91
40,-7
42,-99
30,79
72,-11
28,-45
54,101
53,-6
72,-136
57,-5
31,60
-51,159
49,0
30,-17
33,129
-32,75
48,106
-12,102
46,0
40,-9
21,89
-20,16
43,8
30,116
40,10
46,95
25,60
3,132
-19,175
42,-71
33,24
34,52
17,92
-24,75
-16,129
12,91
33,58
45,-3
-56,-131
-10,28
-44,-76
-32,117
-54,-58
18,92
36,11
-10,130
30,99
63,-165
11,-84
34,-85
-31,145
44,0
6,38
43,-12
4,85
-47,167
32,-20
34,130
22,118
40,-8
-1,70
-39,142
65,18
52,91
25,-112
8,-70
-4,106
61,3
-34,178
-64,149
-29,-111
48,68
16,49
-35,-101
64,-157
-64,-62
36,64
-11,70
10,70
35,-8
41,138
62,-27
42,-3
-25,-117
45,94
5,18
53,-2
-54,-51
47,86
39,-13
-27,85
-5,136
-52,16
31,-17
-55,142
50,2
38,11
71,-136
-26,85
26,87
-6,-74
85,0
35,39
74,12
-20,119
53,-157
-38,-178
32,61
-29,137
62,18
48,4
63,-26
60,23
-57,-139
59,18
63,-27
63,-30
62,-25
-4,109
-43,43
38,122
49,89
-32,116
34,-13
41,43
-46,109
52,-116
35,123
17,-70
53,87
37,98
-44,-108
78,6
-46,158
4,114
-34,118
-40,180
18,-109
6,-86
-45,-176
-66,135
30,32
15,92
-14,64
-55,-132
-48,102
53,94
-49,161
-2,78
33,33
-29,149
43,135
50,85
-55,-170
-7,-78
8,-105
40,136
-25,-63
46,137
67,9
28,-100
-17,127
-1,93
-54,8
33,25
49,-6
83,116
14,-44
-49,162
48,89
79,-94
7,91
-43,92
17,73
35,50
41,108
-50,162
51,-23
-12,-57
49,132
-20,116
4,11
42,-11
21,-75
-52,138
56,11
85,92
-9,-106
47,83
85,93
-65,-180
-34,148
-15,122
85,100
-26,152
-24,113
77,30
85,99
46,-3
77,29
86,35
86,33
-1,-19
50,3
64,9
13,169
-5,122
8,90
52,102
-66,133
5,-85
38,-6
-12,48
37,53
4,67
42,-130
-33,121
34,-81
52,154
48,27
4,91
55,123
65,-2
55,-53
-2,-64
31,96
47,148
56,12
6,90
-8,145
43,-13
66,-10
45,0
50,20
60,10
31,71
-1,-82
-5,-10
-31,119
34,38
42,6
70,139
11,-58
44,45
52,123
45,35
40,3
-36,146
40,7
-14,-113
25,139
-34,147
37,121
63,6
-6,39
1,17
-23,128
16,92
36,110
62,5
-27,-107
-14,48
17,94
-51,161
-45,170
65,11
0,144
-12,160
2,-93
5,-101
49,143
42,128
-18,125
82,-29
0,-85
-10,12
48,-118
52,100
43,50
3,-96
-62,151
-20,157
47,2
-19,118
59,2
0,170
83,-8
26,-109
-3,118
39,54
12,-85
70,-137
-55,-60
33,75
-46,-21
31,77
-15,129
-20,-127
-50,131
-9,95
-19,-112
-3,-73
-15,-69
-63,151
54,-1
72,-70
-43,-18
23,127
37,8
9,-87
65,3
46,97
60,8
39,97
42,-89
78,-116
46,96
21,62
55,-140
-15,-171
2,-78
28,37
53,6
66,149
47,20
17,161
65,149
41,-6
-66,179
40,95
-28,-91
86,79
13,40
-6,-13
3,32
24,-101
49,-1
73,-71
-2,-102
40,31
-56,-6
5,-99
37,130
-11,58
-4,-117
-36,116
54,112
17,-106
30,122
41,13
-45,102
4,-85
33,68
43,136
-34,59
-58,-12
-35,171
46,18
71,12
-3,30
-32,152
-64,179
43,5
-37,-21
46,107
-59,-30
-20,117
28,-17
53,168
-42,-91
55,95
64,-91
-35,-67
80,24
-58,-11
77,9
76,158
14,142
85,6
3,101
48,17
47,140
-24,39
14,-86
42,136
53,64
29,127
50,89
16,-63
-9,144
22,70
65,7
63,-137
29,78
60,12
65,6
84,-2
18,-44
-50,132
64,-168
18,101
54,126
-29,144
45,118
53,152
53,88
-20,178
-28,-14
35,49
8,136
75,15
67,8
47,149
69,16
36,91
11,-71
33,-110
52,101
-11,29
10,-44
19,-47
84,112
-32,127
31,91
10,-14
-32,123
-20,163
-19,-13
-18,-12
-34,-113
11,-72
-21,126
13,-62
-26,151
72,-8
45,85
-22,176
24,-113
40,-92
51,83
-37,156
42,37
51,-3
61,-155
53,129
49,88
-32,124
-22,133
40,-10
84,105
-6,139
11,40
-19,122
-20,-125
-6,-85
-2,70
18,-26
-42,125
-55,-121
1,101
44,-104
64,6
-42,-18
66,-124
62,-58
38,101
-40,-179
43,-10
44,77
-35,144
48,-117
19,-94
-24,-114
-28,141
14,-103
21,-71
-36,174
12,-68
62,3
26,-46
68,34
13,149
-17,-170
-42,-76
-55,-118
-28,140
42,68
34,97
37,88
9,86
32,68
-36,149
-52,141
48,97
-5,121
36,112
31,59
-11,170
13,-68
-21,178
-2,81
38,-5
-43,-179
-14,-80
-66,171
63,172
-16,-170
-36,-68
56,120
-52,-76
40,-129
-44,174
66,-159
5,132
23,86
-48,122
41,17
52,-162
43,120
54,135
34,55
23,-85
41,91
-36,-24
-2,-97
-14,122
50,86
86,69
41,-129
31,-88
40,82
53,2
-63,154
-37,148
-22,-113
51,139
60,160
76,23
54,85
34,-15
-47,-75
-2,118
45,-119
78,19
-2,131
-14,178
-1,56
-2,56
49,94
-60,-56
-51,127
47,92
51,-29
18,-157
-60,-38
-7,-22
-38,148
36,61
36,94
-26,120
33,-12
48,21
14,156
16,-48
-55,-123
23,-64
-21,133
-10,148
72,16
-12,25
55,11
85,10
-14,129
-2,-75
-22,178
75,17
25,-47
15,118
5,-31
-22,126
86,9
67,74
27,32
45,-120
-26,116
4,-180
-35,136
43,-102
32,-16
6,-65
49,22
-36,148
18,-59
63,148
-31,80
9,-80
-28,135
39,-28
-28,138
-34,138
-25,116
-25,111
-50,141
67,-173
-33,126
33,108
-63,148
-57,-156
7,-103
39,-100
34,77
7,62
-6,120
-3,109
26,-86
60,-76
0,152
44,-6
-9,38
-15,-109
-34,133
-14,14
43,92
76,132
34,-83
-55,120
-5,-104
39,2
38,90
43,-4
49,82
-22,127
-32,-64
77,126
-44,-74
83,-7
1,-16
-55,-37
-7,114
37,81
0,150
40,-100
82,-3
38,1
51,149
7,152
41,2
-21,117
-37,144
-18,77
65,-173
40,-6
39,131
86,14
-36,147
-42,-117
-26,138
77,-107
86,88
49,-119
38,115
35,48
86,74
-53,13
56,18
39,-99
-51,-118
51,125
19,94
40,99
6,89
-56,-36
3,-74
23,-70
35,98
15,-100
-3,85
-13,97
63,-142
64,-144
32,-80
74,-95
60,50
15,-58
-34,136
44,-77
62,-133
-24,38
43,-115
43,-99
-11,130
-11,59
21,91
-31,142
34,-91
80,25
-32,-110
45,117
18,110
-6,115
-59,-14
-43,124
-22,129
43,10
-29,147
29,-115
28,-89
39,-6
48,67
-31,126
35,37
-42,87
14,-84
38,-121
51,103
83,-4
64,-130
-21,-111
49,11
-28,149
5,122
37,-1
32,99
87,55
-40,178
17,149
-40,-156
38,103
77,23
47,16
27,84
7,137
8,-76
34,94
-64,150
44,-74
36,48
36,10
26,89
38,-107
-17,40
-42,147
22,-47
-47,102
-21,114
44,2
-5,-114
-40,-17
19,-88
9,140
38,66
-1,-23
53,-74
76,144
-4,89
37,95
-3,34
86,37
78,10
27,-94
51,11
49,146
10,-100
35,54
18,-16
82,-112
3,145
35,11
-20,162
63,-19
-44,-15
41,18
-55,-72
37,115
-31,124
-23,26
-36,143
39,-114
-42,177
-17,173
-22,148
-26,114
-25,112
-25,68
-60,149
-40,-89
64,-170
13,-85
-27,132
1,18
-28,125
38,125
-28,178
42,-69
-44,-80
-21,-150
49,13
25,58
23,-107
8,-35
3,86
48,93
-34,-80
47,18
33,32
-61,-33
10,-56
60,2
-29,136
6,-132
65,139
2,150
12,-104
-41,144
-44,123
28,-70
-23,120
22,99
-29,119
9,141
53,1
-30,28
-42,124
39,-4
38,48
-58,-16
19,-97
-29,24
76,-95
69,-96
52,81
-38,141
-56,156
-37,145
-3,83
-35,-103
63,-61
-54,-20
40,9
-48,-13
-13,33
28,-14
35,8
81,1
-29,139
61,-119
43,97
0,112
34,117
52,-107
65,-114
-6,29
19,92
-25,-130
32,-103
40,105
39,52
43,-6
58,149
-1,78
40,4
-30,144
43,49
57,156
-22,-11
36,103
-34,121
-34,120
-8,12
82,-1
-20,176
52,107
33,-82
-16,-134
-25,140
-26,-66
-39,172
84,-49
45,106
49,149
81,-116
-44,-17
-7,-82
12,80
0,36
-12,45
44,1
39,102
7,135
51,-63
31,-48
59,-71
86,90
-25,115
41,-3
29,97
52,4
-26,76
46,-124
62,145
75,-73
-27,115
24,100
76,-106
2,-86
31,47
1,82
49,12
-8,35
61,175
76,-107
25,104
-62,-65
77,-128
47,70
-14,97
-33,123
5,106
30,65
-32,118
62,-128
25,65
71,-13
44,-5
31,73
-56,-120
8,118
70,-14
38,-97
39,-105
54,12
63,-76
38,116
36,-87
49,95
44,98
51,3
50,10
52,1
45,-8
47,-7
55,135
32,98
66,-52
38,-60
46,-6
22,84
30,-80
73,124
77,-108
51,-5
83,118
62,-144
9,-74
32,64
-57,-54
-16,172
46,42
-8,-73
-32,120
37,60
33,27
64,-88
82,-84
-53,-21
55,-143
34,10
-35,138
-10,-72
56,3
-55,-145
74,-74
18,39
10,61
4,148
37,-92
-63,152
80,120
-63,-167
46,93
-28,114
7,-102
-4,85
-21,-113
52,-158
-33,117
-30,-113
-20,128
10,-77
52,19
-6,23
66,-128
56,-120
44,133
-13,136
61,164
58,-31
56,133
80,123
-30,19
15,-54
-4,-75
85,81
-35,56
62,164
16,-82
37,19
-20,-11
-23,116
-27,135
50,-63
48,-31
-4,-74
51,-2
37,99
38,-33
37,-31
-28,142
32,69
27,-18
-55,157
-8,-132
0,90
72,6
48,85
29,76
25,-111
39,-113
-29,150
-26,40
54,-133
57,154
-3,105
41,-114
42,-77
74,7
36,134
-31,138
4,75
19,-77
40,47
42,-118
30,-14
46,98
8,-10
-37,122
-28,113
-28,127
52,10
70,7
-34,-176
39,53
49,93
73,13
72,-5
-17,-17
-8,136
-26,-107
58,130
47,-6
-13,34
49,119
-20,-116
43,45
36,133
-9,139
59,11
12,-128
50,103
-51,28
-32,76
38,88
48,2
-54,-53
29,34
-2,-25
0,-92
-27,155
-35,142
-45,171
23,80
49,-114
-12,129
-20,113
-46,98
23,83
58,157
81,-113
-40,42
-46,38
-47,38
-22,115
41,8
55,143
-38,79
64,-156
-63,-157
78,-113
-16,124
20,62
-23,131
1,26
2,-110
1,-82
12,-83
49,16
1,130
50,143
22,71
-41,179
25,105
18,-114
-54,-35
-61,-39
-54,-130
-45,-175
-29,143
-47,136
-59,-65
6,150
2,-152
-30,119
48,-71
9,42
48,83
-13,98
7,-84
31,134
18,76
64,-20
42,-73
25,-101
36,60
49,6
-45,98
9,90
-12,-131
29,65
28,138
52,105
42,65
44,-79
31,16
53,11
49,105
6,36
49,130
-23,113
-59,-54
-61,-55
35,61
51,154
60,3
74,114
33,112
15,-48
84,106
-53,-42
2,-26
-52,115
40,-87
45,140
35,120
41,114
-10,-73
-41,-71
9,-102
42,35
-52,-72
45,2
40,116
87,41
-40,-114
-26,35
65,-86
14,-71
-44,-117
54,-34
21,-108
6,5
28,-43
-13,175
-63,162
28,82
-13,25
-61,-32
31,95
-13,122
-24,129
-25,76
13,-71
41,-9
43,-71
-18,67
-27,74
57,-162
0,149
32,82
-45,-14
-29,-75
86,34
-24,88
-46,99
-56,-58
35,-87
17,-114
17,-113
52,-90
47,-116
41,77
-14,32
55,140
3,-73
-31,-93
-17,-6
75,-120
67,128
43,68
76,134
-15,126
-20,133
46,-5
-13,131
72,-154
20,37
-46,97
45,-56
52,-4
45,43
17,-17
31,-111
-58,-150
76,11
74,11
29,36
35,101
86,86
27,-110
-27,-74
85,18
35,5
47,-5
-58,-13
86,82
-11,28
-49,105
48,129
87,63
44,37
-8,22
-6,26
49,10
47,4
-41,180
-31,78
25,-108
21,99
-48,101
-54,3
86,78
-56,-63
-16,66
38,6
-11,95
44,47
85,84
43,9
11,149
11,41
32,24
-40,44
28,35
29,-18
77,10
21,118
-24,-21
-8,39
29,99
63,-127
-13,27
23,-41
86,80
3,121
-8,-108
6,-104
39,-95
62,-130
-47,-74
20,61
28,81
-30,65
87,59
-14,-68
44,100
42,70
-43,88
-44,91
86,77
85,85
0,29
-12,94
20,102
31,-113
4,9
-45,-77
34,120
24,115
76,122
29,79
-36,-178
-56,-147
82,0
-14,118
-8,-77
28,78
0,-64
41,115
64,154
-61,-29
-28,139
-24,118
13,97
-60,156
-48,124
-62,170
-64,169
85,87
56,116
34,-90
-25,69
86,73
85,89
86,89
-63,144
86,76
46,-26
50,95
-12,169
1,-31
49,106
34,-9
35,-7
45,116
85,86
31,35
42,92
-43,71
-56,96
-22,47
62,-134
29,56
42,-115
-6,135
14,-9
57,124
80,-111
-32,88
4,65
44,-78
11,-133
1,-17
80,-91
11,-89
-9,147
-14,176
49,14
27,31
10,-88
53,102
46,-25
36,9
63,162
-15,175
51,2
-27,26
6,78
10,121
-56,-87
46,32
-22,152
-6,99
-39,173
34,-3
37,-78
10,144
10,148
-35,9
86,72
-23,178
63,18
18,-75
31,-138
67,-93
42,-80
49,104
14,117
-20,45
40,-11
14,-25
41,81
20,-108
84,4
-66,-177
41,120
12,-91
-47,35
45,1
33,122
42,103
43,109
47,91
3,-101
58,-136
73,130
42,51
-63,163
28,91
-29,135
2,30
-64,148
77,4
48,3
-32,144
-3,116
51,14
0,-28
-27,-149
-12,172
21,-47
37,105
58,-147
49,131
-27,128
35,-104
44,-101
54,176
35,110
38,-29
25,-94
17,144
22,-70
49,116
-37,129
-53,158
11,-76
59,-16
-54,-131
-52,162
-22,120
-60,159
-24,134
-37,-18
24,135
32,134
81,-90
36,-81
82,-20
22,127
-5,-102
-34,-66
-19,120
31,28
-51,128
18,-87
1,-97
3,-98
-19,-48
-60,-23
27,72
33,-17
-8,-81
41,147
53,-30
56,-6
13,141
-26,73
-61,152
30,34
25,108
82,-80
86,75
5,-48
-12,68
62,173
-2,143
54,172
61,173
-62,150
-12,139
4,-86
-61,149
21,38
77,-120
62,158
-6,116
-62,145
-62,142
44,-56
-53,100
58,158
59,158
-36,141
22,78
56,-5
26,59
57,132
-2,-90
-33,137
35,84
-66,180
63,-131
80,-18
64,-128
46,39
76,-119
-27,-110
52,150
-28,67
-26,-72
15,143
43,7
-36,-108
15,64
62,-44
59,-54
45,-13
-19,171
41,65
35,79
-53,-132
-23,-116
65,136
35,-110
-16,35
10,176
74,15
-20,-113
57,117
43,100
76,24
-1,-99
10,-65
-10,128
13,-81
40,81
44,90
25,145
-23,77
53,164
-59,-58
11,-44
-68,154
-14,-69
36,65
70,-21
64,-133
49,90
6,58
-59,-66
53,90
-51,138
0,-86
75,11
1,-87
-37,-129
19,150
55,124
-21,-112
46,-115
35,51
-2,74
28,96
-4,120
-6,-103
31,-87
-6,119
-17,-75
41,107
45,34
-22,-130
25,119
-21,66
44,-75
2,-155
-12,29
-29,178
73,9
16,155
23,113
62,-28
-29,85
29,47
-11,107
38,121
0,87
24,63
37,134
-45,34
58,138
2,-29
38,54
-42,146
8,-63
-18,117
-29,-64
12,-63
-53,143
73,57
-9,-77
-22,-77
-24,178
-39,-89
29,90
42,-97
42,150
-3,155
16,53
1,-92
-23,-11
-60,82
2,32
41,45
-8,-110
-23,-63
12,39
-36,55
75,-4
-3,88
60,-43
33,-68
-14,-172
39,-27
36,129
4,131
65,147
14,143
19,143
-48,125
40,-135
-10,32
39,89
27,52
-59,147
33,-96
55,158
-74,168
63,3
8,58
-45,118
1,-94
-5,-72
-14,-67
4,-104
-37,-93
29,80
-49,95
45,131
23,105
-49,-76
-23,-12
-64,-159
11,145
-9,26
-37,49
1,-100
42,148
-36,80
-12,-110
34,121
9,-34
-18,174
15,127
32,-42
30,-41
66,-2
74,143
19,-61
60,-48
-25,3
63,-171
55,89
-37,-76
-6,-71
6,0
-58,-122
-12,87
-37,-178
20,-94
39,119
37,59
-16,-125
0,-26
45,55
35,94
49,19
38,5
32,123
10,-90
-9,163
-30,123
-14,-66
40,-36
-23,-111
43,34
-25,-113
8,146
8,96
-13,178
-28,-136
-21,75
82,-2
-54,139
-71,-96
-2,85
14,-87
35,122
14,-104
53,142
32,81
81,119
34,39
72,-9
36,101
9,-89
38,84
2,65
28,50
-8,152
37,129
-23,-110
45,-2
-25,83
-53,17
-53,16
59,68
-39,114
-49,118
86,26
-10,129
22,73
30,77
19,-95
32,20
-13,115
14,-99
59,161
30,61
18,-111
62,154
20,103
-66,44
-37,139
-13,120
-30,73
68,140
72,126
-56,-136
-31,-74
61,-43
-57,-147
-12,33
-7,73
-54,148
-57,-126
-53,-72
6,-75
-15,34
43,106
12,-92
-8,94
-33,56
70,-132
-46,1
51,21
-48,-100
36,85
5,-81
-12,127
-18,87
49,-83
19,-49
-30,143
-53,-121
42,60
22,-80
28,108
24,97
23,68
76,15
39,1
16,80
2,-81
18,87
-7,29
-18,-169
-26,136
52,14
53,155
59,157
-1,115
54,142
14,174
-18,49
29,137
76,135
-18,141
70,-126
-65,-69
21,-92
-62,163
44,132
-51,30
-12,-95
-15,97
3,-103
34,106
11,58
24,-44
46,80
0,80
41,110
-51,-6
45,112
-18,171
-43,-86
17,-112
29,-42
18,-112
-16,87
51,85
-32,-5
-54,-43
-53,-113
-13,117
-54,-76
32,-113
-41,89
2,149
35,9
83,-44
18,97
-39,-70
52,-29
50,77
2,-75
32,-89
-55,147
26,98
2,-103
51,-31
48,88
49,159
-13,-69
-69,-110
-22,65
6,144
-26,177
-1,142
-2,47
-52,40
27,73
-27,78
8,-87
-7,159
55,103
20,109
0,139
52,11
-10,-81
0,110
32,-39
-30,62
-15,120
1,137
35,93
28,36
30,59
40,147
-54,-122
28,107
43,103
-27,71
42,-98
-30,77
-7,113
-16,120
-9,-69
-22,80
-55,125
53,106
-34,177
23,-46
-22,-139
31,92
48,5
38,130
69,23
24,83
62,-132
53,84
55,97
0,-22
55,-36
-59,159
-6,-100
55,156
39,-37
36,40
39,105
58,107
29,-58
31,89
-20,71
-15,179
-21,128
37,-21
18,100
15,88
45,-6
73,11
16,-83
41,150
40,148
35,-99
86,17
10,-103
-7,139
7,-11
38,109
60,113
41,4
24,116
-50,-75
-9,134
-32,56
34,30
-8,133
-10,135
29,84
-35,137
-39,49
37,92
10,-66
-53,-5
11,-90
-24,26
46,-97
48,25
-58,162
46,-79
-55,153
-16,-171
-5,-101
49,17
67,180
15,58
-14,-171
67,179
54,152
-14,95
1,19
13,47
45,41
23,-102
29,98
-58,164
71,9
-24,-128
30,-34
63,179
35,118
82,126
-4,90
-47,-16
37,133
56,-36
27,137
57,-4
41,106
-24,112
31,40
-30,-74
17,150
4,144
-13,119
37,-77
36,107
20,-107
-13,79
-59,-62
23,106
22,39
64,1
22,38
3,-100
61,-61
19,41
84,117
36,-105
80,95
-29,63
-3,26
76,0
67,15
17,44
52,103
59,1
22,85
55,19
35,107
71,32
15,128
76,34
3,19
46,-29
19,109
-37,-101
-46,95
0,143
25,-104
68,20
76,12
2,131
-44,-101
31,46
42,93
20,142
-5,109
-58,150
10,-81
-6,118
49,-117
-7,115
-37,-68
55,-118
61,2
85,23
70,32
-6,-73
-42,-19
-13,42
-1,103
-47,-94
49,-27
-40,156
65,20
-53,73
-53,72
-10,106
79,39
-5,117
-25,37
27,33
28,72
-71,168
60,19
-42,-101
30,36
42,-14
17,-59
21,112
66,-65
62,6
30,-40
82,-73
86,-6
82,-72
51,146
70,9
82,29
49,108
-29,19
85,104
47,136
-28,76
24,119
55,20
21,124
13,-82
64,134
-39,-178
47,19
59,14
72,132
-14,-169
68,35
46,25
-14,-170
70,17
70,31
-54,-60
63,-160
-13,-170
-82,-44
37,-87
46,86
60,57
29,-97
4,130
-42,-71
-26,-68
-30,21
69,30
40,58
-46,-93
38,-28
40,80
64,10
34,-22
-36,-2
60,27
-12,-12
48,-126
67,-134
56,5
67,14
-17,128
42,149
30,43
-8,-103
-28,26
55,-167
64,2
23,88
31,33
23,119
22,108
76,146
76,13
36,37
-31,-111
43,-85
26,79
-21,134
-21,179
33,56
4,35
-33,148
65,4
79,1
-7,32
47,24
52,5
-33,151
18,-57
63,4
71,16
15,51
-12,-177
68,21
14,132
52,164
76,5
-31,177
21,142
-13,116
16,-76
2,-94
-4,108
35,38
68,-21
-10,-108
68,-135
8,62
-45,174
59,15
-49,74
9,-105
-26,-113
58,11
18,99
52,133
-36,-69
63,-134
37,112
-9,30
36,131
67,20
67,22
49,-66
29,-66
-25,84
19,38
11,-130
44,154
-2,-106
-25,-129
31,61
62,-138
2,113
44,112
-5,107
-11,-129
-48,130
45,-95
6,25
4,27
-35,177
86,30
-44,82
45,40
42,67
32,-10
-31,29
68,-143
49,103
-61,-63
-30,30
52,-1
26,-107
49,1
21,73
38,123
33,-106
-34,-111
-12,134
55,5
57,158
63,-138
7,78
28,-103
13,-94
-7,94
69,18
32,29
-26,-106
-30,20
58,6
14,44
30,-109
17,78
-6,136
22,105
-7,92
51,20
30,-110
20,143
-34,94
-29,31
31,-8
-41,90
60,7
40,124
-54,-52
-17,32
54,155
-48,108
59,10
65,-39
9,150
5,38
-28,109
35,12
-32,177
66,6
16,115
-13,104
58,8
83,-30
12,-94
20,-13
64,146
-16,128
50,-26
26,36
11,-92
27,-50
83,-28
32,115
61,6
16,32
40,2
15,32
30,114
50,15
26,109
6,-71
30,-107
73,10
19,149
34,-35
54,-82
-53,161
38,114
66,15
31,-102
55,6
80,-17
-30,27
-32,-16
-32,110
19,-26
-29,17
38,67
-72,175
9,-67
40,92
-47,-104
-23,114
61,78
39,64
17,-104
-24,17
16,43
29,31
65,-38
39,114
68,16
66,14
41,124
60,15
-44,124
70,-131
28,31
-44,-177
18,44
72,130
20,39
-7,99
39,-77
17,118
-54,73
50,21
26,-102
40,-75
22,-46
87,56
68,14
-53,-60
83,120
25,69
55,-123
39,-89
35,105
-48,127
-28,-73
17,45
31,-6
-32,-174
65,17
-40,86
34,100
25,68
-34,-101
-34,-102
-4,32
18,86
31,-66
11,-93
-10,-111
-14,119
4,-88
38,60
-20,-171
69,22
26,117
61,9
-46,33
50,144
-30,24
-16,27
-23,46
39,126
-27,28
-18,119
76,4
34,112
26,40
31,-4
33,26
22,117
-42,179
70,16
49,5
-37,117
75,-70
68,-67
-43,-77
46,85
28,-102
-11,134
28,-88
-54,-28
-37,-102
44,116
56,168
33,28
76,10
77,11
-1,152
55,4
44,107
-13,124
39,-70
68,12
-51,160
-27,-106
-25,27
57,161
-8,-97
-61,-66
75,12
35,-115
21,90
47,28
-45,-20
32,16
-19,112
61,12
50,-8
50,22
35,-13
69,-97
57,-38
-19,172
32,26
2,-42
-24,130
61,-56
-16,93
26,38
-18,-99
16,143
16,109
27,-115
57,7
59,-160
41,6
-27,117
65,12
-17,123
39,104
-4,121
71,-21
-19,127
65,31
29,-116
68,22
55,-116
-9,152
41,-72
31,-109
75,5
38,7
24,118
46,22
18,170
26,-79
5,114
52,0
-18,172
76,125
-30,177
28,69
-64,154
72,-151
37,82
67,30
67,16
69,17
-40,155
50,161
34,113
42,11
9,87
69,-19
67,24
40,-74
24,-65
67,-95
45,21
30,94
34,-7
35,-106
-27,112
48,-109
-13,176
-20,24
26,71
17,-76
17,141
45,-1
26,-101
-19,42
29,-10
79,127
38,112
-33,122
14,-114
34,37
-50,165
-2,27
37,101
30,33
-46,-10
43,113
29,-112
16,-78
65,21
-50,160
45,90
36,-123
33,-108
13,55
2,154
39,120
-20,120
83,-9
-24,36
41,-78
18,72
72,-30
81,-8
-18,143
66,143
-31,30
43,31
34,56
-31,178
54,-135
68,24
-29,76
-16,32
23,-66
-32,-120
-31,-15
-27,111
17,143
82,122
51,-114
43,-75
-36,-177
65,23
8,-41
28,111
37,0
-11,33
41,95
-14,179
23,117
-4,83
-37,-99
-17,25
71,2
-22,68
-9,69
31,72
70,-156
52,9
36,114
-18,46
-55,143
40,-78
68,32
30,111
-22,118
-12,159
40,18
-14,36
64,-171
-36,-112
13,45
74,-80
27,-19
57,10
60,170
62,166
-57,-67
40,-110
72,127
65,-157
-23,167
-42,171
58,-175
58,-176
50,-123
62,7
-22,-115
62,-159
-13,23
66,18
2,-74
-51,141
66,-38
-10,147
36,122
-32,178
61,8
-3,38
48,-73
63,-124
-51,16
60,17
-58,-145
-3,35
36,-16
-48,104
78,-108
60,0
46,138
46,139
69,9
34,12
34,63
9,145
15,99
44,-98
73,55
-2,92
29,61
-33,178
-25,173
59,5
-24,-118
-32,149
32,34
40,-106
15,59
38,-84
-17,68
-28,-104
-30,29
58,3
-8,-83
0,-14
-4,-11
1,32
-45,99
4,32
64,5
46,37
32,109
7,32
-54,-30
5,31
32,54
43,90
15,95
-18,28
51,-124
44,-4
68,33
50,-169
-7,-119
-24,33
75,113
-25,26
18,41
6,34
6,33
65,0
55,59
5,34
8,32
32,-3
32,25
40,104
-34,-105
41,-10
52,20
12,130
-18,86
36,-72
16,54
46,104
-33,177
15,149
-54,1
51,-148
48,139
40,-85
87,68
43,69
86,65
-17,170
61,-136
63,17
33,30
34,-33
-7,-106
37,114
38,-86
-23,176
-32,176
51,17
33,44
-18,118
-31,-49
32,121
-28,137
61,-131
-2,-28
31,-40
-30,-174
-34,-98
-8,88
57,-36
-13,-173
-11,93
60,-73
50,174
60,-74
37,-88
-8,92
56,98
-18,122
47,25
45,-100
30,107
26,131
-37,140
65,5
-52,152
58,119
-15,102
8,-51
65,8
-6,-38
29,-129
0,82
49,-30
48,-29
53,-28
-70,-115
76,133
71,-1
-16,98
0,38
51,-126
22,112
31,-15
-12,34
40,103
-2,23
16,-102
21,-107
42,-128
43,-80
-25,88
66,7
-6,138
-14,151
-29,140
63,19
54,125
-66,-80
44,-117
66,-11
77,13
-52,159
39,-103
87,40
38,-44
-49,-114
44,-112
-64,-156
32,97
-54,157
36,38
35,119
-25,131
-50,158
-54,160
22,104
38,126
51,51
50,105
83,-5
-7,-71
-18,131
9,148
9,57
45,-27
47,-8
14,43
8,-61
70,8
-60,-54
-38,-15
60,145
48,-106
10,56
-3,-14
32,38
34,65
58,0
72,-64
-5,-38
72,8
-14,33
55,90
24,68
60,-70
61,-59
-13,35
-46,-16
34,-128
-23,-62
-15,24
40,109
41,109
43,41
66,28
5,99
51,84
4,-91
50,-65
46,-58
-27,-180
29,114
32,-81
-15,140
63,-128
37,83
62,8
22,-95
-27,168
32,111
-12,27
32,136
22,31
52,21
-55,140
21,108
-23,175
75,-5
63,10
-25,152
-53,-74
-2,154
-46,-153
62,170
-61,-38
-7,-89
47,74
33,80
24,-167
78,25
21,-45
61,48
1,-88
38,-92
62,-79
66,78
44,42
27,98
-33,58
41,41
-33,84
8,-102
-43,-85
16,149
19,100
49,91
36,-110
46,116
-36,-53
-38,-149
35,36
-32,126
32,28
31,-126
46,99
-31,167
40,-114
37,-93
48,140
-11,171
25,64
35,56
73,54
-2,32
37,107
-38,151
46,-65
44,120
54,6
31,-10
-32,150
-6,-101
-56,-16
45,33
-7,136
33,13
-32,-15
14,41
-16,-15
-52,124
-17,14
9,-59
42,152
-44,-93
-52,114
56,169
0,83
77,-84
42,122
40,121
-32,30
16,90
-17,125
86,38
-15,-116
66,2
-19,134
-27,-11
47,-90
73,-70
34,108
-14,25
30,-46
75,131
-22,82
-52,-11
64,-87
41,90
31,32
15,-106
14,-106
-59,160
34,-61
3,149
-38,149
-9,-5
-18,121
13,-104
-28,81
-17,13
74,119
6,37
-44,97
11,-13
-10,169
7,84
2,85
-11,35
36,47
6,133
-9,41
58,2
48,56
-15,130
-13,121
61,10
-18,26
13,-47
3,-99
-14,164
-21,35
25,116
62,113
40,112
24,105
-27,32
84,-23
-14,26
3,-102
60,14
71,0
44,-80
-14,27
-27,113
26,30
75,7
1,-104
37,102
-27,29
-33,150
67,-53
37,-86
-26,-111
-4,86
75,-76
-15,-7
17,142
50,-172
68,19
61,58
22,79
15,57
64,11
75,-131
-33,-64
13,-75
-16,170
75,16
60,59
-66,-175
63,157
-11,155
33,-114
-17,90
-31,-112
45,96
6,12
81,9
56,6
22,106
6,-93
6,-94
5,-94
-35,82
-57,-49
-39,144
62,144
-60,148
74,-86
37,66
-14,69
35,-71
87,44
34,1
-34,-79
80,-98
38,-101
64,-179
44,32
56,-3
85,16
-4,38
54,-55
-34,146
60,16
39,135
4,145
-50,-71
45,115
54,3
35,-105
-16,34
-2,87
49,127
48,126
61,7
-8,162
73,56
36,-88
35,-18
52,-36
-57,-4
-5,-14
-20,-126
59,7
-60,-53
58,14
-26,133
-11,40
-18,-77
-19,-126
31,107
70,-3
-12,40
5,21
73,126
-11,32
0,-31
45,-24
-27,-73
-2,86
20,-116
-28,129
67,-94
81,-120
14,-20
76,111
-18,27
-5,25
-9,39
57,-60
33,-107
77,-106
71,8
-22,38
-17,36
29,-111
34,-62
-20,33
54,-122
-41,145
-55,-24
-2,96
44,31
-16,33
20,74
33,67
-39,119
65,-90
65,-89
55,-5
-8,73
63,5
35,-62
34,13
62,17
45,-131
-14,24
4,66
-19,22
21,85
21,96
-58,-62
14,89
-29,-106
-27,152
58,-5
-41,-5
-34,112
68,-22
-48,137
51,-134
-8,-148
-60,-149
78,23
-5,157
34,-122
29,-105
43,-30
31,-13
18,142
-34,124
49,172
-33,-15
18,105
80,-114
-52,-18
56,4
-35,-175
-35,-177
35,-95
60,169
42,-54
53,-115
-30,150
-57,-7
-44,-75
7,133
-32,121
13,140
65,-21
66,41
-1,-17
19,97
61,-26
-5,156
17,-88
2,-13
-37,142
37,127
-10,40
65,144
49,-8
37,131
-12,135
-48,-14
-8,27
-56,-1
-20,122
44,58
-7,86
35,-109
-24,-60
-34,140
57,3
53,-134
-9,168
14,-98
39,-90
64,-142
63,180
-33,-74
46,179
20,-115
57,126
-7,163
12,51
7,-71
80,-4
25,86
54,-37
-25,153
-45,95
-49,-115
42,-36
-6,32
-38,-90
14,91
-16,164
8,97
66,-133
-54,155
-23,-26
46,-83
47,88
27,82
64,150
-15,-4
-26,-173
53,98
26,-106
10,-96
0,75
41,62
-57,-65
54,165
47,48
-10,33
-44,92
30,74
15,44
19,-116
56,88
1,-75
86,24
41,93
-6,25
-9,32
62,72
45,78
65,55
49,101
39,-87
32,122
51,53
22,-155
25,35
81,2
9,59
52,-129
73,14
47,-81
-68,-112
74,-20
39,-102
-20,26
-43,-75
4,119
-16,-167
46,24
-68,113
5,-80
78,125
16,88
77,6
40,65
54,137
-44,78
-15,123
45,39
-26,173
-3,178
-21,-65
-31,123
14,-97
62,-168
31,-157
50,-92
38,-126
43,71
78,-112
6,147
47,-111
27,63
33,-85
-18,45
-5,-73
-5,33
25,88
0,153
12,-14
12,97
73,-92
4,149
31,108
-50,-16
-14,29
-12,-126
87,45
78,28
-60,-17
31,-57
79,-99
30,-93
72,9
64,18
-6,117
-4,178
35,102
36,102
38,-104
-13,-110
32,108
86,-34
-4,-62
-22,8
39,65
54,133
2,64
10,-130
66,0
-44,-77
5,-112
76,123
-50,175
-22,-112
85,2
46,-70
42,105
66,176
-59,-63
-24,37
66,-139
45,-57
-22,35
24,106
-26,-60
-23,44
-32,-109
-18,-97
-62,-63
-3,177
-17,121
68,23
14,-48
9,54
15,-44
15,45
-63,-61
-18,32
-28,-112
12,114
-13,-80
68,-172
43,-98
-38,138
-10,26
-11,24
-26,170
14,-96
-28,173
33,-126
-62,167
-12,47
-22,116
64,92
0,141
17,-83
69,82
67,133
37,126
24,33
49,-105
47,-78
1,83
54,104
73,-72
62,48
-4,177
-2,178
44,-97
28,137
-56,160
-21,41
5,-84
-43,-70
52,94
-11,94
-35,-96
-16,-138
-25,-58
30,-98
-7,-83
-28,31
7,175
34,-113
-17,120
25,115
-20,32
40,-79
37,113
-22,121
24,32
35,116
27,132
-20,125
5,70
4,117
53,-155
7,141
80,-108
22,91
64,148
10,63
32,-95
-32,-113
68,-62
64,98
41,-73
-53,138
-35,-100
-50,-15
-30,152
41,-98
87,61
-12,67
-19,36
-5,-112
-46,80
-25,-72
-26,117
66,1
43,98
-10,136
-60,155
-6,-175
14,134
68,54
61,157
-25,-74
-36,48
33,54
7,160
35,131
8,86
69,37
62,-61
-19,35
64,-123
73,123
31,-123
-12,81
76,-68
67,-17
-24,-63
62,67
-31,116
39,-91
-12,88
-4,-38
-8,-50
-22,39
61,98
32,-112
86,22
52,108
38,131
-26,98
-45,-17
-31,24
75,-3
-13,164
-9,169
81,123
39,96
-71,-105
3,116
43,104
81,-110
-49,69
49,-82
17,82
0,151
47,-72
-2,93
-8,-12
-5,82
-5,-116
-20,17
38,133
24,-85
-3,27
3,-90
40,125
-59,-22
-62,157
33,-113
-2,65
15,53
-13,40
-4,27
-61,-41
-63,-73
3,22
-34,75
62,153
48,48
-65,-170
61,72
-60,-64
45,77
51,13
-61,-50
-24,177
48,24
-32,-108
17,-108
31,55
-15,29
21,135
64,100
61,159
-57,-58
62,122
81,-14
63,173
-7,67
-52,-74
32,119
31,119
40,-97
-12,30
70,-97
87,62
22,-93
-55,-4
-53,-75
4,47
-21,-127
11,-82
41,-99
33,-41
20,124
33,117
-18,68
49,117
42,-149
40,91
33,-132
36,-17
4,17
24,26
17,-55
-23,153
48,159
54,-140
-61,-40
65,145
63,63
66,86
36,128
41,-71
44,38
39,124
15,-113
66,112
64,125
80,99
-21,-126
68,-20
27,-89
16,-103
18,-81
66,-16
10,-92
58,-170
26,15
67,-1
51,9
-22,88
53,-119
61,-27
26,-103
50,-32
33,61
19,-45
30,-67
79,-108
57,-37
-2,37
-2,-14
32,-102
36,-79
78,-105
-3,96
40,-88
43,30
-16,-126
42,-105
86,-24
11,-107
60,143
63,2
55,130
53,-31
23,108
-46,-13
54,-118
74,53
39,11
57,106
-59,-20
38,8
54,129
-26,118
28,98
51,111
0,-50
70,91
78,18
35,-94
53,10
23,65
-32,168
-36,176
18,37
-46,-74
-11,158
57,6
2,-116
16,128
-46,-19
26,-26
18,-50
-66,-83
67,-135
17,-82
21,-160
36,-37
31,54
22,-64
32,-82
8,134
7,90
33,-62
72,-138
57,-166
59,24
-57,-161
30,47
30,-118
48,123
1,148
44,114
-15,176
51,-123
-36,-14
-20,74
-39,-123
31,-51
39,117
71,136
-30,-114
-36,43
-23,-139
-30,25
3,-71
6,-100
69,-119
4,19
6,98
37,-102
87,50
37,-34
5,-86
42,-70
0,13
8,-88
-11,12
0,-59
58,131
-57,-64
-3,37
-57,-69
-46,-101
-4,-89
58,-52
-5,111
78,11
-14,-13
-13,179
50,-69
-48,5
11,-79
24,140
71,54
44,-57
70,90
26,-114
-6,34
-9,162
31,-89
48,-78
71,127
53,132
6,-87
-20,-109
72,-133
36,-15
18,-154
-18,-133
68,-94
-18,-136
8,-156
15,41
0,-24
-38,31
-5,28
-21,45
46,92
66,5
-62,-57
39,-15
-8,-82
18,98
-17,41
-56,-119
-2,-92
72,15
-49,119
24,-48
47,-128
75,13
-3,-28
41,137
-70,162
61,118
35,10
2,-72
38,-36
35,-39
-9,27
67,62
1,117
11,-103
50,175
55,144
69,76
15,-82
-14,49
56,117
-44,-89
39,-85
28,-40
40,120
-31,-110
41,-76
-56,164
-24,45
64,-174
55,171
34,-17
-4,-73
13,31
9,151
22,-44
-34,-20
-26,-13
35,-108
-16,-77
46,19
-11,-108
66,-20
17,-27
67,-20
71,52
71,53
54,55
52,55
47,-106
-8,37
46,68
8,145
-22,29
50,68
11,138
11,121
17,-72
47,141
17,-116
-46,73
4,31
-29,-109
27,123
-58,84
-15,-68
38,86
-50,-32
12,-77
21,-30
-25,136
5,-100
62,147
55,-54
62,140
0,-5
-5,97
56,124
-40,-105
51,135
-2,-72
-54,-64
63,146
-33,20
-54,24
-33,19
-48,-16
-5,110
18,81
76,131
-40,88
45,174
12,-47
38,117
-49,113
50,-171
-55,-38
6,-84
87,70
20,-56
44,-31
78,127
-9,89
43,111
71,-73
-58,160
-64,160
47,104
36,97
74,54
7,-124
40,130
-37,-16
-3,-110
45,127
66,137
-15,26
-36,77
-31,-79
61,137
4,-27
-15,169
32,11
1,-95
56,-139
45,104
-7,85
72,-68
-8,86
80,-118
-30,168
-25,-123
25,34
-34,87
-9,92
-34,54
-17,78
-50,138
71,-16
-59,-142
45,91
35,55
-35,-76
-20,23
35,-123
37,-26
-15,44
-70,158
19,60
11,46
76,-72
48,110
46,105
-9,66
-54,-71
-60,-22
0,146
-12,92
26,121
50,-125
-24,65
-57,-122
-27,116
-59,161
36,132
6,-1
-1,154
35,103
-55,162
6,141
31,15
-52,-46
34,-123
7,97
20,113
-55,-134
-56,-71
-35,58
8,143
-53,-122
27,-106
-57,149
-5,96
0,35
70,129
-40,-104
33,121
27,122
-22,177
-36,56
-55,-5
-59,-7
-12,110
-9,145
-50,159
-8,141
-3,-71
-4,-71
73,-131
51,-127
-36,110
-63,-117
70,130
-31,-92
-5,86
24,117
32,117
14,39
3,34
7,41
49,97
